id,first_name,last_name,email,gender,job_field,donation,state,shirt_size,donation_freq
1,Nefen,Rogerson,nrogerson0@tumblr.com,Male,Human Resources,28,Colorado,3XL,Daily
2,Kippar,Saffin,ksaffin1@si.edu,Male,Human Resources,292,California,2XL,Yearly
3,Panchito,Crichley,pcrichley2@wired.com,Female,Engineering,178,California,XL,Weekly
4,Skippy,McTavy,smctavy3@friendfeed.com,Male,Sales,304,Illinois,S,Weekly
5,Trudie,Codner,tcodner4@newyorker.com,Male,Business Development,219,Florida,M,Yearly
6,Valentia,Padwick,vpadwick5@amazonaws.com,Male,Engineering,100,Louisiana,3XL,Often
7,Gale,Hotchkin,ghotchkin6@com.com,Female,Legal,255,Michigan,XS,Weekly
8,Yovonnda,Habgood,yhabgood7@imageshack.us,Male,Marketing,368,Oklahoma,M,Seldom
9,Jazmin,Lubomirski,jlubomirski8@sourceforge.net,Male,Human Resources,395,Oregon,M,Often
10,Carmina,Kluge,ckluge9@yahoo.co.jp,Female,Services,358,California,XS,Once
11,Irena,Kennaird,ikennairda@mail.ru,Male,Services,386,California,3XL,Never
12,Kathi,Sissens,ksissensb@theglobeandmail.com,Male,Accounting,423,Louisiana,3XL,Yearly
13,Saw,Guiraud,sguiraudc@simplemachines.org,Male,Legal,468,Oregon,3XL,Once
14,Joanie,Broadhurst,jbroadhurstd@youku.com,Male,Sales,58,Ohio,M,Never
15,Cindee,Dolbey,cdolbeye@sfgate.com,Female,Engineering,393,Oklahoma,XS,Once
16,Jan,Pelman,jpelmanf@histats.com,Female,Engineering,468,Texas,S,Monthly
17,Jo-ann,Pursey,jpurseyg@jalbum.net,Male,Research and Development,170,Virginia,2XL,Weekly
18,Theodora,Colleton,tcolletonh@vistaprint.com,Female,Marketing,39,Ohio,S,Never
19,Wadsworth,Lukianovich,wlukianovichi@europa.eu,Female,Marketing,151,Georgia,XL,Daily
20,Haleigh,Seabright,hseabrightj@pagesperso-orange.fr,Female,Sales,396,California,S,Monthly
21,Yorke,Bloyes,ybloyesk@g.co,Female,Training,370,Illinois,XL,Never
22,Yehudit,Sainer,ysainerl@vk.com,Male,Marketing,324,Colorado,M,Often
23,Reece,Paten,rpatenm@mediafire.com,Male,Human Resources,434,New Hampshire,XS,Weekly
24,Mycah,Yarrow,myarrown@comsenz.com,Female,Business Development,453,Wisconsin,S,Yearly
25,Taylor,Ramsey,tramseyo@forbes.com,Female,Research and Development,140,California,2XL,Once
26,Eda,Jude,ejudep@dot.gov,Male,Training,135,New York,XS,Weekly
27,Mirabel,Glassopp,mglassoppq@barnesandnoble.com,Female,Legal,378,Georgia,XL,Never
28,Manny,Twiddy,mtwiddyr@epa.gov,Female,Marketing,420,Washington,2XL,Weekly
29,Clarine,Rushsorth,crushsorths@earthlink.net,Female,Research and Development,257,California,2XL,Yearly
30,Tonye,Brixey,tbrixeyt@yahoo.com,Male,Marketing,192,Michigan,XS,Once
31,Robina,Coonan,rcoonanu@blogspot.com,Male,Legal,205,New York,2XL,Never
32,Konrad,Loncaster,kloncasterv@jimdo.com,Female,Business Development,467,California,L,Seldom
33,Sindee,Entissle,sentisslew@home.pl,Male,Accounting,181,Arkansas,2XL,Never
34,Luz,Riccelli,lriccellix@people.com.cn,Male,Human Resources,299,Utah,2XL,Monthly
35,Clevie,Camilletti,ccamillettiy@quantcast.com,Female,Legal,499,Virginia,S,Monthly
36,Giordano,Lebang,glebangz@ibm.com,Female,Services,54,Ohio,XS,Weekly
37,Catlin,Vedyashkin,cvedyashkin10@t.co,Male,Human Resources,81,Georgia,3XL,Yearly
38,Guss,Hedger,ghedger11@csmonitor.com,Female,Engineering,340,Alabama,M,Once
39,Olva,Georgius,ogeorgius12@liveinternet.ru,Male,Marketing,161,Connecticut,L,Weekly
40,Paige,Farge,pfarge13@patch.com,Female,Human Resources,450,Ohio,S,Yearly
41,Zolly,Daw,zdaw14@webnode.com,Male,Support,259,Illinois,L,Often
42,Gail,Baskwell,gbaskwell15@hao123.com,Female,Sales,383,New York,3XL,Monthly
43,Evania,Pavel,epavel16@alibaba.com,Male,Services,97,Oklahoma,XS,Seldom
44,Morse,Whatmough,mwhatmough17@census.gov,Female,Sales,365,California,XS,Seldom
45,Ula,Lowin,ulowin18@nature.com,Female,Business Development,61,Texas,XL,Once
46,Dion,Sample,dsample19@census.gov,Female,Accounting,91,Colorado,2XL,Seldom
47,Dyna,Wiggall,dwiggall1a@cnn.com,Male,Engineering,249,Delaware,3XL,Weekly
48,Zachary,Domenichelli,zdomenichelli1b@ucoz.ru,Female,Sales,99,Florida,M,Never
49,Mollee,Mohun,mmohun1c@issuu.com,Male,Business Development,365,Florida,XL,Yearly
50,Inge,Rogger,irogger1d@bigcartel.com,Female,Marketing,384,Illinois,2XL,Once
51,Ethelbert,Galton,egalton1e@sbwire.com,Female,Engineering,387,Idaho,M,Never
52,Sabra,Severns,sseverns1f@bluehost.com,Female,Services,355,Oklahoma,L,Weekly
53,Thornton,Capron,tcapron1g@webs.com,Male,Sales,430,Virginia,3XL,Seldom
54,Mamie,Vaisey,mvaisey1h@princeton.edu,Male,Product Management,244,Arizona,XL,Seldom
55,Aguie,Baudouin,abaudouin1i@fotki.com,Male,Legal,243,Wisconsin,M,Monthly
56,Maxim,Varker,mvarker1j@baidu.com,Male,Research and Development,326,Iowa,XS,Yearly
57,Nydia,Laundon,nlaundon1k@tiny.cc,Female,Sales,310,New Mexico,L,Weekly
58,Lorene,Ghiraldi,lghiraldi1l@meetup.com,Female,Accounting,270,Iowa,XL,Never
59,Wain,Belliveau,wbelliveau1m@answers.com,Female,Training,268,District of Columbia,M,Yearly
60,Lorrayne,Shafier,lshafier1n@microsoft.com,Male,Legal,261,Arizona,M,Never
61,Gale,Broadbere,gbroadbere1o@fc2.com,Male,Services,444,Texas,L,Never
62,Claudelle,Lyfield,clyfield1p@msn.com,Male,Support,458,California,XS,Never
63,Anastasie,Cawdery,acawdery1q@irs.gov,Male,Sales,400,New York,XL,Yearly
64,Cele,Lammin,clammin1r@surveymonkey.com,Male,Research and Development,182,Colorado,3XL,Once
65,Erica,Phelit,ephelit1s@loc.gov,Female,Product Management,37,Texas,2XL,Never
66,Gertie,Leyband,gleyband1t@flickr.com,Female,Research and Development,252,Tennessee,S,Yearly
67,Manya,Strelitzki,mstrelitzki1u@google.cn,Male,Legal,373,California,3XL,Weekly
68,Loren,Ainsworth,lainsworth1v@163.com,Female,Accounting,444,Michigan,XL,Once
69,Izzy,Partlett,ipartlett1w@xinhuanet.com,Female,Human Resources,254,Ohio,M,Often
70,Daphna,Bachnic,dbachnic1x@sina.com.cn,Male,Human Resources,60,Delaware,2XL,Seldom
71,Marys,Cosby,mcosby1y@comsenz.com,Female,Marketing,9,Tennessee,L,Daily
72,Tory,Pleuman,tpleuman1z@phoca.cz,Female,Training,78,Washington,XL,Never
73,Lezley,Cunah,lcunah20@gov.uk,Female,Accounting,165,New Mexico,S,Never
74,Kimberly,Fereday,kfereday21@economist.com,Male,Accounting,337,Missouri,L,Often
75,Talya,McKechnie,tmckechnie22@feedburner.com,Female,Business Development,40,Florida,L,Monthly
76,Tonnie,Stockney,tstockney23@examiner.com,Male,Support,494,California,2XL,Once
77,Melvin,Vose,mvose24@acquirethisname.com,Male,Legal,253,Oklahoma,L,Yearly
78,Lon,Prandy,lprandy25@deviantart.com,Female,Legal,205,Massachusetts,M,Daily
79,Rhonda,Birchenhead,rbirchenhead26@wisc.edu,Female,Product Management,130,Nebraska,XL,Never
80,Barbara-anne,Tonsley,btonsley27@hc360.com,Male,Product Management,470,District of Columbia,3XL,Seldom
81,Becka,Webben,bwebben28@rambler.ru,Female,Training,192,North Carolina,M,Yearly
82,Leticia,Longley,llongley29@godaddy.com,Male,Accounting,142,Oklahoma,XS,Once
83,Elnore,Silly,esilly2a@ox.ac.uk,Female,Accounting,130,Pennsylvania,3XL,Once
84,Thatcher,Whetland,twhetland2b@netscape.com,Female,Human Resources,40,Texas,L,Yearly
85,Ricky,Van Niekerk,rvanniekerk2c@biblegateway.com,Male,Services,278,Kansas,S,Daily
86,Aron,Warry,awarry2d@state.gov,Male,Engineering,305,Virginia,2XL,Yearly
87,Abagail,MacMorland,amacmorland2e@merriam-webster.com,Male,Research and Development,375,New Mexico,S,Seldom
88,Hanson,Cuchey,hcuchey2f@123-reg.co.uk,Male,Training,482,California,S,Weekly
89,Olympie,Witherden,owitherden2g@1und1.de,Male,Human Resources,459,Colorado,M,Daily
90,Charlotta,Bellison,cbellison2h@epa.gov,Female,Marketing,489,Florida,M,Never
91,Alan,Jakubowsky,ajakubowsky2i@blogtalkradio.com,Female,Engineering,285,New York,L,Monthly
92,Arne,Dudgeon,adudgeon2j@barnesandnoble.com,Female,Sales,272,Florida,2XL,Seldom
93,Duke,Rodgman,drodgman2k@telegraph.co.uk,Female,Engineering,212,Ohio,S,Never
94,Derby,Tellesson,dtellesson2l@cbslocal.com,Male,Support,23,California,M,Daily
95,Inessa,Henaughan,ihenaughan2m@google.co.uk,Female,Sales,329,Tennessee,L,Yearly
96,Emery,Rospars,erospars2n@studiopress.com,Female,Product Management,483,Connecticut,S,Weekly
97,Kamila,Bice,kbice2o@godaddy.com,Female,Marketing,51,Arizona,2XL,Monthly
98,Tori,Rosewarne,trosewarne2p@discuz.net,Female,Human Resources,135,California,3XL,Seldom
99,Gillan,Reagan,greagan2q@who.int,Male,Services,227,New York,2XL,Yearly
100,Rod,Eich,reich2r@comsenz.com,Male,Training,174,Kansas,XL,Monthly
101,Vic,Bridson,vbridson2s@webnode.com,Female,Business Development,148,District of Columbia,M,Daily
102,Karoly,Gammon,kgammon2t@mapquest.com,Male,Engineering,463,Missouri,2XL,Daily
103,Haskel,Vennings,hvennings2u@theglobeandmail.com,Female,Human Resources,353,Massachusetts,XL,Yearly
104,Marquita,Pester,mpester2v@patch.com,Female,Research and Development,369,Tennessee,3XL,Seldom
105,Persis,Kaspar,pkaspar2w@shinystat.com,Female,Human Resources,342,Florida,XS,Once
106,Constanta,Shone,cshone2x@mapquest.com,Female,Engineering,310,Florida,2XL,Once
107,Lydie,Marjot,lmarjot2y@devhub.com,Male,Business Development,143,Maryland,M,Never
108,Farlee,MacDaid,fmacdaid2z@cmu.edu,Female,Support,212,Oregon,2XL,Monthly
109,Cheryl,Nutkins,cnutkins30@skype.com,Male,Research and Development,76,Missouri,3XL,Seldom
110,Ennis,Talloe,etalloe31@vk.com,Female,Marketing,142,North Carolina,L,Yearly
111,Lindon,Hengoed,lhengoed32@ovh.net,Female,Services,190,California,XL,Often
112,Jodi,Dearnaley,jdearnaley33@nasa.gov,Female,Product Management,351,Washington,M,Never
113,Dominica,Jayes,djayes34@jimdo.com,Female,Business Development,280,Florida,3XL,Never
114,Dame,Kilgrew,dkilgrew35@mayoclinic.com,Female,Business Development,113,Nevada,XS,Seldom
115,Fremont,Redsull,fredsull36@istockphoto.com,Male,Business Development,16,Kansas,XL,Weekly
116,Gilberto,Grishagin,ggrishagin37@skype.com,Male,Engineering,197,Illinois,S,Often
117,Glenden,Rustman,grustman38@businesswire.com,Male,Product Management,113,New York,XL,Once
118,Yevette,Dodimead,ydodimead39@drupal.org,Male,Engineering,6,California,S,Seldom
119,Averil,Crombie,acrombie3a@washington.edu,Male,Product Management,482,Florida,S,Weekly
120,Elisa,Livesley,elivesley3b@marketwatch.com,Female,Accounting,452,Georgia,L,Weekly
121,Maurice,Gasquoine,mgasquoine3c@a8.net,Male,Marketing,203,Missouri,L,Monthly
122,Paule,Ellingworth,pellingworth3d@gizmodo.com,Female,Services,359,Arizona,L,Never
123,Thain,Rahl,trahl3e@artisteer.com,Female,Business Development,69,New York,3XL,Seldom
124,Austin,Ubsdall,aubsdall3f@who.int,Male,Business Development,358,Texas,XL,Weekly
125,Gui,Dilon,gdilon3g@constantcontact.com,Female,Research and Development,356,Minnesota,XL,Often
126,Casey,Baud,cbaud3h@bizjournals.com,Female,Research and Development,273,California,2XL,Once
127,Huntlee,Durbin,hdurbin3i@uiuc.edu,Male,Human Resources,480,Tennessee,XL,Daily
128,Margarete,Rodenborch,mrodenborch3j@jimdo.com,Male,Human Resources,408,Ohio,XS,Weekly
129,Orazio,Leport,oleport3k@chronoengine.com,Female,Training,176,Florida,3XL,Seldom
130,Natty,Kernoghan,nkernoghan3l@biglobe.ne.jp,Female,Engineering,292,Ohio,3XL,Daily
131,Karoly,Farens,kfarens3m@hubpages.com,Male,Engineering,345,Nebraska,2XL,Seldom
132,Moises,Shewon,mshewon3n@ox.ac.uk,Female,Sales,451,Florida,M,Often
133,Trixi,Baszkiewicz,tbaszkiewicz3o@microsoft.com,Male,Support,114,Oregon,S,Once
134,Evelina,Whitely,ewhitely3p@blogs.com,Female,Legal,338,Michigan,L,Monthly
135,Morlee,Coltman,mcoltman3q@disqus.com,Female,Marketing,150,Indiana,2XL,Often
136,Nial,Oxborrow,noxborrow3r@dyndns.org,Male,Engineering,209,Florida,2XL,Once
137,Adaline,Nickell,anickell3s@reference.com,Female,Legal,444,California,3XL,Weekly
138,Gabbie,Pilbeam,gpilbeam3t@nsw.gov.au,Female,Engineering,379,California,L,Weekly
139,Beverlie,Andriesse,bandriesse3u@squidoo.com,Male,Support,500,Michigan,S,Often
140,Gayle,Tarney,gtarney3v@wikimedia.org,Male,Legal,449,Florida,L,Yearly
141,Camilla,Bridger,cbridger3w@disqus.com,Male,Human Resources,363,Louisiana,S,Often
142,Yetta,Saladino,ysaladino3x@phoca.cz,Female,Training,256,New York,S,Often
143,Maxie,Patridge,mpatridge3y@va.gov,Male,Marketing,187,Texas,XL,Daily
144,Tine,Stansbury,tstansbury3z@virginia.edu,Male,Marketing,213,Virginia,XS,Seldom
145,Odelle,Peye,opeye40@opensource.org,Female,Marketing,420,New York,XS,Yearly
146,Tyne,Yakubovics,tyakubovics41@patch.com,Male,Sales,63,Florida,M,Yearly
147,Nikaniki,Chardin,nchardin42@narod.ru,Male,Human Resources,482,Arkansas,L,Never
148,Matty,Mosey,mmosey43@ovh.net,Female,Accounting,369,Virginia,M,Seldom
149,Tiebold,Kingzet,tkingzet44@tripod.com,Female,Engineering,121,Florida,S,Daily
150,Araldo,Sercombe,asercombe45@redcross.org,Female,Business Development,421,Florida,L,Seldom
151,Maisey,Shanahan,mshanahan46@ning.com,Female,Marketing,321,Texas,L,Once
152,Regan,Lauderdale,rlauderdale47@businessweek.com,Male,Sales,307,Texas,XS,Yearly
153,Emmit,McKenzie,emckenzie48@rambler.ru,Male,Training,491,Nevada,L,Daily
154,Michal,Severwright,mseverwright49@wikispaces.com,Female,Business Development,153,Washington,XS,Yearly
155,Cass,Kauffman,ckauffman4a@posterous.com,Male,Engineering,474,Utah,L,Monthly
156,Adham,Imos,aimos4b@booking.com,Female,Sales,232,Wyoming,2XL,Seldom
157,Timmy,Innot,tinnot4c@deliciousdays.com,Male,Training,177,Louisiana,XS,Often
158,Moina,Bart,mbart4d@mayoclinic.com,Male,Business Development,19,Michigan,2XL,Daily
159,Colin,Ferreri,cferreri4e@microsoft.com,Female,Support,108,California,M,Seldom
160,Peta,Kernar,pkernar4f@ca.gov,Female,Research and Development,9,Idaho,3XL,Monthly
161,Zondra,Strangwood,zstrangwood4g@canalblog.com,Female,Product Management,72,District of Columbia,2XL,Once
162,Herrick,Pashe,hpashe4h@lulu.com,Female,Services,87,Texas,L,Seldom
163,Donn,Gronaller,dgronaller4i@naver.com,Male,Support,169,Missouri,S,Monthly
164,Hedwiga,Whitwam,hwhitwam4j@cdbaby.com,Female,Business Development,114,Ohio,3XL,Daily
165,Mendel,Elphick,melphick4k@mozilla.org,Male,Human Resources,196,North Carolina,M,Never
166,Antons,Rowthorn,arowthorn4l@phoca.cz,Male,Human Resources,251,California,XL,Often
167,Wes,Cornew,wcornew4m@chronoengine.com,Male,Human Resources,285,California,S,Daily
168,Jemie,Curnok,jcurnok4n@wired.com,Female,Accounting,259,Virginia,L,Never
169,Marshall,Doles,mdoles4o@dion.ne.jp,Female,Product Management,44,Ohio,L,Daily
170,Chrisy,Rollings,crollings4p@vk.com,Female,Product Management,220,California,XS,Weekly
171,Fleur,Baudasso,fbaudasso4q@gravatar.com,Male,Support,9,Florida,XS,Once
172,Herminia,Geerdts,hgeerdts4r@state.tx.us,Male,Support,76,Georgia,L,Daily
173,Colleen,Meanwell,cmeanwell4s@facebook.com,Male,Training,295,New York,3XL,Seldom
174,Doroteya,Baumann,dbaumann4t@kickstarter.com,Male,Engineering,410,Michigan,S,Seldom
175,Biddie,Delafont,bdelafont4u@comcast.net,Male,Human Resources,312,Pennsylvania,3XL,Yearly
176,Ermengarde,Blannin,eblannin4v@cyberchimps.com,Female,Engineering,202,Texas,S,Yearly
177,Rob,Hustings,rhustings4w@fema.gov,Female,Accounting,349,Florida,3XL,Weekly
178,Konstantin,Maplestone,kmaplestone4x@istockphoto.com,Male,Product Management,100,Florida,S,Weekly
179,Faustine,Jennions,fjennions4y@nytimes.com,Female,Engineering,22,Florida,M,Once
180,Michel,Eastam,meastam4z@ihg.com,Female,Accounting,436,Maryland,3XL,Once
181,Bradly,Handling,bhandling50@illinois.edu,Male,Services,465,District of Columbia,XL,Once
182,Julia,Valek,jvalek51@latimes.com,Female,Legal,449,Massachusetts,XL,Yearly
183,Brant,Teaser,bteaser52@home.pl,Female,Training,435,New York,XS,Once
184,Garry,Pemble,gpemble53@google.pl,Female,Training,213,Florida,L,Seldom
185,Lazarus,Dury,ldury54@mlb.com,Female,Services,235,Nebraska,M,Daily
186,Novelia,Willoughby,nwilloughby55@ustream.tv,Female,Research and Development,263,Iowa,L,Weekly
187,Biddy,Swaden,bswaden56@g.co,Female,Business Development,152,District of Columbia,XL,Often
188,Rochette,Allin,rallin57@google.com.hk,Male,Human Resources,215,Florida,XL,Seldom
189,Morey,Rounsefull,mrounsefull58@nbcnews.com,Male,Support,114,Nevada,3XL,Monthly
190,Inness,Surmeyer,isurmeyer59@blog.com,Male,Human Resources,441,Ohio,XS,Seldom
191,Cob,Corry,ccorry5a@xing.com,Male,Legal,467,Mississippi,XS,Yearly
192,Ferguson,Shay,fshay5b@hp.com,Male,Engineering,367,Pennsylvania,2XL,Monthly
193,Egor,Couldwell,ecouldwell5c@dyndns.org,Male,Support,196,Illinois,3XL,Seldom
194,Merralee,Dudley,mdudley5d@hibu.com,Female,Legal,405,Tennessee,2XL,Seldom
195,Nat,Hawyes,nhawyes5e@t-online.de,Female,Sales,159,Tennessee,3XL,Daily
196,Thurstan,McLenaghan,tmclenaghan5f@nih.gov,Female,Legal,335,Connecticut,M,Never
197,Lance,Sleet,lsleet5g@a8.net,Female,Sales,187,California,M,Weekly
198,Sonnie,Libreros,slibreros5h@unesco.org,Male,Legal,25,Alabama,M,Once
199,Palmer,Charles,pcharles5i@exblog.jp,Male,Services,389,Connecticut,S,Daily
200,Waldon,Hallor,whallor5j@ezinearticles.com,Female,Business Development,170,Massachusetts,M,Weekly
201,Bianka,Stolworthy,bstolworthy5k@dell.com,Male,Research and Development,447,Virginia,S,Daily
202,Arlan,Kinkaid,akinkaid5l@slate.com,Female,Research and Development,251,Missouri,3XL,Seldom
203,Ludvig,Alexsandrowicz,lalexsandrowicz5m@independent.co.uk,Male,Training,489,California,M,Never
204,Darryl,Vazquez,dvazquez5n@behance.net,Male,Product Management,409,Florida,S,Yearly
205,Waylon,Hymer,whymer5o@msu.edu,Female,Accounting,218,Maryland,2XL,Never
206,Enriqueta,Harcarse,eharcarse5p@aboutads.info,Male,Business Development,415,California,L,Daily
207,Karole,Reedshaw,kreedshaw5q@nature.com,Male,Legal,158,Florida,3XL,Never
208,Maren,Cormack,mcormack5r@utexas.edu,Female,Training,102,Maryland,XS,Weekly
209,Rafe,Fussey,rfussey5s@prnewswire.com,Female,Accounting,427,Illinois,XS,Never
210,Ferne,Whimper,fwhimper5t@narod.ru,Male,Accounting,260,Georgia,M,Often
211,Donny,Allingham,dallingham5u@friendfeed.com,Female,Engineering,87,Virginia,2XL,Monthly
212,Kori,Lockett,klockett5v@godaddy.com,Male,Services,39,Alabama,3XL,Weekly
213,Bren,Gogerty,bgogerty5w@ehow.com,Female,Services,29,New Hampshire,3XL,Monthly
214,Shayne,Valois,svalois5x@adobe.com,Female,Marketing,85,Tennessee,XS,Never
215,Maryl,MacCahee,mmaccahee5y@newyorker.com,Female,Marketing,284,Texas,XL,Often
216,Tab,Tullis,ttullis5z@baidu.com,Female,Sales,275,Louisiana,S,Once
217,Sisely,Illsley,sillsley60@apache.org,Female,Marketing,230,Louisiana,XL,Weekly
218,Skippy,Tompkiss,stompkiss61@cbsnews.com,Male,Legal,353,District of Columbia,XS,Yearly
219,Marrissa,Yitzovitz,myitzovitz62@bluehost.com,Female,Marketing,210,Illinois,XS,Often
220,Chrissie,Peaker,cpeaker63@nsw.gov.au,Male,Research and Development,341,Illinois,2XL,Yearly
221,Caldwell,Haglington,chaglington64@oaic.gov.au,Male,Services,46,California,M,Weekly
222,Ferdinanda,Jaxon,fjaxon65@sfgate.com,Female,Business Development,10,Florida,M,Never
223,Rafaelita,Landreth,rlandreth66@sina.com.cn,Male,Sales,354,Missouri,L,Once
224,Dell,Bagger,dbagger67@yolasite.com,Female,Research and Development,393,Massachusetts,M,Yearly
225,Evania,Wildblood,ewildblood68@ezinearticles.com,Male,Product Management,409,California,2XL,Daily
226,Bond,Clark,bclark69@wikispaces.com,Male,Human Resources,19,Missouri,M,Weekly
227,Eberhard,Beeson,ebeeson6a@icq.com,Female,Sales,222,Nevada,XL,Once
228,Louisette,Fellon,lfellon6b@dailymail.co.uk,Female,Training,297,Louisiana,2XL,Once
229,Xaviera,Puddifer,xpuddifer6c@wikia.com,Female,Research and Development,77,North Carolina,XS,Never
230,Elayne,Cowhig,ecowhig6d@dailymail.co.uk,Male,Human Resources,450,Florida,2XL,Often
231,Gasper,Giacomucci,ggiacomucci6e@netvibes.com,Male,Business Development,466,Massachusetts,3XL,Seldom
232,Derrick,Obington,dobington6f@addtoany.com,Female,Legal,249,North Carolina,XL,Weekly
233,Maryanna,Foulks,mfoulks6g@toplist.cz,Male,Engineering,258,Texas,L,Never
234,Blanche,Maudlin,bmaudlin6h@illinois.edu,Male,Legal,270,Colorado,3XL,Monthly
235,Jo ann,Ferrier,jferrier6i@census.gov,Male,Sales,21,Virginia,3XL,Daily
236,Roxy,Giff,rgiff6j@army.mil,Male,Accounting,319,Arizona,S,Seldom
237,Teri,Ragbourn,tragbourn6k@hud.gov,Female,Product Management,119,Georgia,M,Daily
238,Marabel,Joppich,mjoppich6l@trellian.com,Male,Engineering,152,Connecticut,L,Never
239,Huberto,Maguire,hmaguire6m@wiley.com,Male,Sales,15,Washington,L,Yearly
240,Vi,Birdis,vbirdis6n@hao123.com,Female,Support,348,Washington,3XL,Monthly
241,Malina,Rachuig,mrachuig6o@youku.com,Female,Sales,165,Florida,2XL,Yearly
242,Karissa,McNay,kmcnay6p@photobucket.com,Female,Accounting,202,Connecticut,XL,Yearly
243,Umberto,Imison,uimison6q@chicagotribune.com,Female,Human Resources,365,Florida,2XL,Never
244,Alayne,Chaplain,achaplain6r@stanford.edu,Male,Engineering,282,District of Columbia,L,Daily
245,Elvira,Rookwell,erookwell6s@goo.ne.jp,Male,Support,156,West Virginia,XL,Weekly
246,Row,Fitchew,rfitchew6t@soup.io,Female,Training,317,Connecticut,XL,Daily
247,Yehudit,Espinoy,yespinoy6u@deliciousdays.com,Male,Accounting,315,California,S,Seldom
248,Barbey,Salerno,bsalerno6v@bravesites.com,Female,Business Development,122,Texas,XS,Weekly
249,Elle,Corrington,ecorrington6w@washingtonpost.com,Male,Training,16,Washington,M,Monthly
250,Jarrod,Rogan,jrogan6x@google.pl,Male,Research and Development,461,California,3XL,Monthly
251,Maura,Ferroli,mferroli6y@icio.us,Female,Research and Development,488,California,L,Never
252,Lynsey,Pizzie,lpizzie6z@cbslocal.com,Male,Support,411,Nevada,XS,Daily
253,Gerhardine,Prahm,gprahm70@godaddy.com,Female,Product Management,287,Oregon,L,Yearly
254,Candide,Burrow,cburrow71@si.edu,Female,Human Resources,281,California,S,Daily
255,Arturo,Purtell,apurtell72@soundcloud.com,Female,Human Resources,19,California,L,Often
256,Meara,Dikle,mdikle73@yellowpages.com,Female,Business Development,202,Florida,M,Often
257,Colene,Large,clarge74@un.org,Female,Business Development,180,Oklahoma,L,Often
258,Zechariah,Poolman,zpoolman75@cyberchimps.com,Male,Services,365,Pennsylvania,3XL,Seldom
259,Bartholemy,Lacroutz,blacroutz76@aol.com,Female,Services,188,Texas,S,Daily
260,Linnet,Patching,lpatching77@pinterest.com,Male,Research and Development,27,Louisiana,S,Seldom
261,Evangeline,Le feaver,elefeaver78@blogtalkradio.com,Female,Services,68,Texas,2XL,Monthly
262,Baxy,Maiden,bmaiden79@irs.gov,Female,Sales,215,Florida,XS,Weekly
263,Jeffy,Monier,jmonier7a@ycombinator.com,Male,Research and Development,295,Washington,L,Seldom
264,Wallie,Leather,wleather7b@taobao.com,Male,Product Management,500,New York,3XL,Daily
265,Yetta,D'Avaux,ydavaux7c@bluehost.com,Male,Accounting,417,Nevada,S,Often
266,Roddy,Del Checolo,rdelchecolo7d@smh.com.au,Male,Research and Development,341,Texas,S,Often
267,Beale,Dicte,bdicte7e@addtoany.com,Male,Engineering,282,Georgia,L,Seldom
268,Teresina,Crippes,tcrippes7f@gov.uk,Female,Marketing,77,California,XS,Yearly
269,Harmony,Gullefant,hgullefant7g@google.com.br,Male,Engineering,12,Georgia,XS,Monthly
270,Andrey,Habard,ahabard7h@earthlink.net,Female,Marketing,423,Tennessee,3XL,Often
271,Gena,Roney,groney7i@dell.com,Male,Legal,170,Florida,3XL,Often
272,Hildegarde,Issatt,hissatt7j@bandcamp.com,Male,Research and Development,326,North Carolina,L,Once
273,Row,Grummitt,rgrummitt7k@ox.ac.uk,Female,Sales,348,New York,XL,Once
274,Freddie,McPartlin,fmcpartlin7l@1und1.de,Female,Legal,176,Georgia,3XL,Never
275,Raoul,Rivett,rrivett7m@mozilla.com,Female,Training,130,North Carolina,3XL,Monthly
276,Randy,Attenbrough,rattenbrough7n@meetup.com,Female,Legal,107,Minnesota,XL,Once
277,Clara,Noads,cnoads7o@google.ca,Male,Human Resources,232,Ohio,3XL,Yearly
278,Heywood,Walley,hwalley7p@ibm.com,Male,Services,114,Florida,2XL,Weekly
279,Linnea,Elfitt,lelfitt7q@unblog.fr,Male,Human Resources,214,Wisconsin,XS,Yearly
280,Heath,Matokhnin,hmatokhnin7r@bizjournals.com,Male,Accounting,37,Florida,2XL,Once
281,Corrianne,Igo,cigo7s@xing.com,Male,Product Management,427,California,M,Once
282,Brook,Preble,bpreble7t@mac.com,Male,Services,388,Iowa,S,Monthly
283,Vasily,Reck,vreck7u@webnode.com,Male,Training,325,Illinois,2XL,Never
284,Wilma,Tummond,wtummond7v@sbwire.com,Female,Legal,483,Pennsylvania,XL,Once
285,Tracie,Room,troom7w@weibo.com,Female,Services,35,Minnesota,XS,Weekly
286,Vanny,O'Hingerty,vohingerty7x@businessweek.com,Male,Product Management,262,Florida,L,Seldom
287,Viviyan,Rizzardi,vrizzardi7y@ow.ly,Male,Support,375,Missouri,3XL,Weekly
288,Rene,Batrop,rbatrop7z@alibaba.com,Female,Research and Development,256,Pennsylvania,3XL,Never
289,Carena,Cuvley,ccuvley80@studiopress.com,Male,Accounting,277,California,L,Once
290,Hurley,Bogey,hbogey81@cpanel.net,Female,Business Development,492,Florida,XS,Monthly
291,Merna,Ferryman,mferryman82@blog.com,Female,Product Management,208,Missouri,XL,Often
292,Ty,Nock,tnock83@homestead.com,Female,Training,33,Ohio,S,Weekly
293,Clarance,Benit,cbenit84@paypal.com,Female,Support,462,Pennsylvania,L,Monthly
294,Justin,Dowrey,jdowrey85@rakuten.co.jp,Male,Product Management,408,Florida,L,Often
295,Nicol,Besantie,nbesantie86@usa.gov,Male,Business Development,144,California,3XL,Once
296,Babbette,Fyers,bfyers87@nymag.com,Female,Engineering,491,New Mexico,S,Once
297,Ransell,Biesinger,rbiesinger88@tumblr.com,Male,Business Development,243,North Carolina,S,Weekly
298,Garwood,Coneau,gconeau89@ameblo.jp,Female,Product Management,102,Florida,XS,Weekly
299,Maggie,Odegaard,modegaard8a@lycos.com,Female,Services,399,Florida,XS,Never
300,Spenser,O'Loinn,soloinn8b@wikia.com,Female,Product Management,180,Idaho,XS,Daily
301,Aeriela,Cusick,acusick8c@sbwire.com,Male,Product Management,358,Virginia,XS,Yearly
302,Ediva,Crease,ecrease8d@com.com,Female,Product Management,447,Texas,M,Seldom
303,Sile,Murfill,smurfill8e@state.gov,Male,Engineering,164,Georgia,M,Yearly
304,Tabbie,Alibone,talibone8f@tinypic.com,Male,Research and Development,479,New York,2XL,Often
305,Ned,Cawt,ncawt8g@sphinn.com,Female,Human Resources,165,California,L,Weekly
306,Ash,Cornewell,acornewell8h@cdbaby.com,Male,Legal,417,Florida,XL,Yearly
307,Cristiano,Woollam,cwoollam8i@wix.com,Male,Accounting,344,Virginia,L,Daily
308,Emmerich,Keble,ekeble8j@mail.ru,Male,Product Management,67,Colorado,L,Daily
309,Jud,Fortnum,jfortnum8k@hibu.com,Male,Engineering,13,Arkansas,XL,Seldom
310,Yovonnda,Brussels,ybrussels8l@wp.com,Female,Human Resources,74,Virginia,3XL,Seldom
311,Sabrina,Dennington,sdennington8m@instagram.com,Male,Product Management,219,Florida,L,Never
312,Alverta,Nary,anary8n@google.nl,Male,Product Management,262,North Carolina,XL,Often
313,Gherardo,Bollin,gbollin8o@businessweek.com,Male,Human Resources,93,Virginia,M,Yearly
314,Emelda,Ridings,eridings8p@cocolog-nifty.com,Female,Human Resources,201,Illinois,M,Once
315,Cecilio,Leaning,cleaning8q@flavors.me,Male,Services,186,Virginia,M,Daily
316,Elga,Stockman,estockman8r@si.edu,Male,Training,55,Texas,XS,Often
317,Isidor,Beesley,ibeesley8s@noaa.gov,Male,Research and Development,296,Texas,XL,Seldom
318,Chelsie,Jenicek,cjenicek8t@stanford.edu,Male,Services,86,Georgia,M,Never
319,Poul,Koppe,pkoppe8u@ibm.com,Male,Legal,364,Ohio,2XL,Never
320,Marcus,Burde,mburde8v@studiopress.com,Male,Accounting,406,District of Columbia,M,Yearly
321,Cacilia,Ummfrey,cummfrey8w@wikipedia.org,Male,Support,96,South Carolina,XL,Yearly
322,Jeffrey,Lehmann,jlehmann8x@dailymail.co.uk,Female,Training,473,Indiana,XL,Never
323,Wendie,Tovey,wtovey8y@nationalgeographic.com,Female,Research and Development,391,Oregon,3XL,Daily
324,Dilly,Wallhead,dwallhead8z@latimes.com,Female,Services,203,Virginia,L,Weekly
325,Mada,Brigg,mbrigg90@answers.com,Female,Sales,167,North Carolina,2XL,Daily
326,Pascal,Greedyer,pgreedyer91@etsy.com,Female,Product Management,39,Florida,XS,Seldom
327,Barbette,Fidilis,bfidilis92@yelp.com,Female,Training,213,Illinois,XS,Once
328,Corissa,Mee,cmee93@phoca.cz,Female,Human Resources,140,Louisiana,3XL,Yearly
329,Thor,Mongain,tmongain94@fema.gov,Male,Human Resources,155,Massachusetts,XL,Never
330,Aurlie,Neller,aneller95@businesswire.com,Male,Services,260,New York,2XL,Daily
331,Feodor,Gasperi,fgasperi96@miitbeian.gov.cn,Female,Sales,197,Minnesota,2XL,Seldom
332,Lanny,McElane,lmcelane97@oaic.gov.au,Male,Human Resources,299,Ohio,XL,Often
333,Marmaduke,Dibling,mdibling98@ihg.com,Male,Business Development,393,Maryland,M,Seldom
334,Vina,Vaillant,vvaillant99@addthis.com,Male,Engineering,81,Wisconsin,S,Seldom
335,Wini,Puzey,wpuzey9a@furl.net,Male,Research and Development,83,Texas,3XL,Never
336,Engelbert,Cutting,ecutting9b@smugmug.com,Female,Services,173,Utah,3XL,Yearly
337,Lewes,Tetsall,ltetsall9c@seesaa.net,Female,Services,69,Wisconsin,XS,Monthly
338,Verene,Hearse,vhearse9d@mtv.com,Male,Business Development,482,Mississippi,M,Never
339,Henrik,Jost,hjost9e@google.it,Male,Training,435,Texas,XS,Seldom
340,Dora,Alker,dalker9f@state.tx.us,Female,Marketing,391,Tennessee,L,Seldom
341,Magdalene,Hedaux,mhedaux9g@livejournal.com,Female,Human Resources,99,Colorado,3XL,Yearly
342,Beltran,Heavens,bheavens9h@icq.com,Female,Support,179,Texas,M,Yearly
343,Sindee,Englishby,senglishby9i@timesonline.co.uk,Male,Support,251,Ohio,2XL,Often
344,Lauren,Heathfield,lheathfield9j@bluehost.com,Female,Training,342,Indiana,L,Weekly
345,Marylinda,McCathie,mmccathie9k@telegraph.co.uk,Female,Marketing,152,Nevada,XS,Daily
346,Tudor,Arnold,tarnold9l@w3.org,Female,Services,46,Arizona,XL,Monthly
347,Dre,Collough,dcollough9m@usnews.com,Female,Sales,203,Michigan,L,Once
348,Gaylene,Nelm,gnelm9n@japanpost.jp,Female,Sales,323,Idaho,2XL,Never
349,Angelo,Tansey,atansey9o@wisc.edu,Female,Product Management,420,New York,3XL,Never
350,Buiron,Corbridge,bcorbridge9p@soup.io,Female,Sales,60,California,2XL,Never
351,Florrie,Hallwell,fhallwell9q@time.com,Male,Business Development,131,Pennsylvania,XL,Often
352,Judi,Hinsche,jhinsche9r@gov.uk,Female,Accounting,186,Iowa,L,Never
353,Arv,Codrington,acodrington9s@tamu.edu,Male,Marketing,131,Wisconsin,S,Weekly
354,Sibel,Pellett,spellett9t@hubpages.com,Male,Research and Development,427,California,3XL,Once
355,Kristal,Sinton,ksinton9u@histats.com,Male,Engineering,42,Florida,M,Yearly
356,Geoffry,Paske,gpaske9v@sogou.com,Female,Marketing,422,California,XS,Yearly
357,Adorne,Cheston,acheston9w@bbc.co.uk,Male,Business Development,183,California,M,Seldom
358,Cyndy,Huckel,chuckel9x@reference.com,Male,Legal,210,Indiana,3XL,Yearly
359,Sven,MacDuff,smacduff9y@mozilla.org,Male,Accounting,451,Iowa,M,Daily
360,Shanie,Judd,sjudd9z@chron.com,Male,Business Development,486,Florida,XL,Weekly
361,Philly,Lemery,plemerya0@ucoz.ru,Female,Human Resources,182,Virginia,XL,Seldom
362,Mic,MacDirmid,mmacdirmida1@java.com,Female,Human Resources,182,Minnesota,XS,Once
363,Latia,Chamberlayne,lchamberlaynea2@nytimes.com,Male,Marketing,11,Washington,3XL,Daily
364,Ax,Galiford,agaliforda3@fc2.com,Male,Engineering,259,Florida,XS,Yearly
365,Cherie,Ungerer,cungerera4@google.com.br,Female,Product Management,181,New Jersey,M,Often
366,Ernie,Gasking,egaskinga5@berkeley.edu,Male,Accounting,233,California,2XL,Weekly
367,Cris,Sirl,csirla6@umn.edu,Female,Product Management,144,Missouri,2XL,Seldom
368,Helaine,Luxton,hluxtona7@webnode.com,Female,Services,420,California,XL,Weekly
369,Tabor,Belz,tbelza8@utexas.edu,Female,Product Management,239,Oklahoma,3XL,Yearly
370,Rafferty,Brogini,rbroginia9@reverbnation.com,Female,Legal,440,Kansas,M,Once
371,Chancey,Drayn,cdraynaa@alexa.com,Female,Marketing,261,Kentucky,2XL,Daily
372,Caddric,Harsnep,charsnepab@deliciousdays.com,Female,Marketing,337,Virginia,XS,Weekly
373,Sonja,Borthram,sborthramac@google.ca,Male,Marketing,396,Florida,XL,Seldom
374,Reba,Targe,rtargead@scientificamerican.com,Female,Research and Development,450,New York,S,Never
375,Theo,Dickman,tdickmanae@theguardian.com,Male,Research and Development,378,New Hampshire,S,Once
376,Debor,Jolin,djolinaf@people.com.cn,Female,Business Development,118,Illinois,M,Often
377,Hall,Fontaine,hfontaineag@barnesandnoble.com,Female,Engineering,451,Illinois,2XL,Weekly
378,Ashla,Corriea,acorrieaah@wikispaces.com,Male,Services,111,District of Columbia,2XL,Yearly
379,Bud,Wickey,bwickeyai@vkontakte.ru,Female,Human Resources,126,California,3XL,Seldom
380,Kermy,Cobley,kcobleyaj@sbwire.com,Male,Product Management,262,Delaware,3XL,Often
381,Morgen,Geffe,mgeffeak@amazon.de,Male,Training,369,Florida,S,Seldom
382,Eliot,Wailes,ewailesal@bravesites.com,Male,Business Development,126,Indiana,XS,Daily
383,Zach,Stendell,zstendellam@walmart.com,Female,Sales,73,New York,2XL,Weekly
384,Edouard,Fleetham,efleethaman@fastcompany.com,Female,Business Development,227,Missouri,L,Weekly
385,Base,Lemm,blemmao@nih.gov,Male,Accounting,135,Colorado,M,Never
386,Berenice,Kingsnorth,bkingsnorthap@mashable.com,Male,Business Development,472,Georgia,XS,Never
387,Tadeo,Scimonelli,tscimonelliaq@adobe.com,Male,Product Management,344,New York,L,Monthly
388,Alain,Helin,ahelinar@senate.gov,Male,Support,187,Colorado,XL,Once
389,Pembroke,Waterhowse,pwaterhowseas@census.gov,Male,Sales,90,California,L,Monthly
390,Katha,Kennett,kkennettat@amazonaws.com,Female,Accounting,190,Michigan,L,Daily
391,Verne,Gilks,vgilksau@dot.gov,Female,Sales,345,North Carolina,M,Daily
392,Fallon,Gandley,fgandleyav@ucoz.com,Male,Services,478,Massachusetts,2XL,Yearly
393,Wiley,Chapelle,wchapelleaw@quantcast.com,Female,Support,18,California,S,Monthly
394,Arty,Godney,agodneyax@zimbio.com,Male,Human Resources,189,Pennsylvania,XL,Weekly
395,Luciano,Bowerbank,lbowerbankay@amazonaws.com,Male,Business Development,355,Illinois,3XL,Monthly
396,Delano,Hebbron,dhebbronaz@i2i.jp,Female,Business Development,15,Illinois,3XL,Yearly
397,Sibelle,Rennie,srennieb0@intel.com,Female,Human Resources,460,California,XL,Often
398,Gerrilee,Volante,gvolanteb1@unblog.fr,Male,Accounting,179,Alaska,M,Daily
399,Barry,Feldberg,bfeldbergb2@smh.com.au,Female,Product Management,387,California,2XL,Never
400,Albertina,Savell,asavellb3@dot.gov,Male,Training,194,Oregon,2XL,Daily
401,Dorri,Pomfrett,dpomfrettb4@webnode.com,Female,Human Resources,57,New Jersey,L,Weekly
402,Lilyan,Newlands,lnewlandsb5@weebly.com,Female,Legal,389,Georgia,3XL,Yearly
403,Tobie,Caudelier,tcaudelierb6@qq.com,Female,Accounting,286,Indiana,3XL,Often
404,Valenka,Rawlcliffe,vrawlcliffeb7@g.co,Female,Business Development,442,California,M,Weekly
405,Abie,Isac,aisacb8@hc360.com,Female,Research and Development,328,New York,L,Never
406,Lora,Honeyghan,lhoneyghanb9@google.com.au,Female,Services,271,New York,S,Yearly
407,Gustie,Babon,gbabonba@desdev.cn,Female,Accounting,321,New York,3XL,Weekly
408,Goran,Sewell,gsewellbb@shinystat.com,Male,Services,446,California,2XL,Daily
409,Drusie,Dumbare,ddumbarebc@bbc.co.uk,Female,Accounting,34,Arizona,3XL,Daily
410,Emeline,Battin,ebattinbd@google.cn,Male,Training,444,Florida,L,Often
411,Lilas,Gamblin,lgamblinbe@who.int,Female,Marketing,142,New York,3XL,Never
412,Wren,Toope,wtoopebf@soup.io,Female,Human Resources,169,Kansas,L,Daily
413,Heywood,Darnody,hdarnodybg@wix.com,Female,Marketing,309,Louisiana,L,Weekly
414,Edith,Woodlands,ewoodlandsbh@amazon.com,Male,Product Management,321,New York,L,Once
415,Luisa,Ouver,louverbi@cnet.com,Male,Marketing,89,Oklahoma,2XL,Often
416,Shannon,Billin,sbillinbj@moonfruit.com,Female,Marketing,187,Texas,L,Monthly
417,Jean,Cosslett,jcosslettbk@eventbrite.com,Male,Support,377,Nevada,S,Once
418,Dode,Bellis,dbellisbl@newyorker.com,Female,Engineering,112,Connecticut,S,Yearly
419,Laurens,Critchley,lcritchleybm@purevolume.com,Female,Accounting,94,Texas,XS,Weekly
420,Gwendolen,St. Hill,gsthillbn@bing.com,Male,Support,196,Massachusetts,XL,Daily
421,Faustina,Lulham,flulhambo@sina.com.cn,Male,Services,272,Hawaii,L,Seldom
422,Armin,Vinnick,avinnickbp@wsj.com,Male,Product Management,81,Missouri,M,Seldom
423,Webb,Barnardo,wbarnardobq@sourceforge.net,Male,Support,31,California,3XL,Never
424,Aubrie,Blankau,ablankaubr@google.ca,Male,Marketing,382,Georgia,M,Seldom
425,Selia,Berndsen,sberndsenbs@alexa.com,Female,Training,313,Kansas,2XL,Never
426,Katinka,Parnaby,kparnabybt@about.com,Male,Legal,102,Virginia,2XL,Seldom
427,Matthiew,Larkins,mlarkinsbu@go.com,Male,Business Development,227,Nevada,XL,Often
428,Melisa,Sprull,msprullbv@reuters.com,Female,Training,201,Michigan,3XL,Never
429,Osgood,Gunnell,ogunnellbw@nature.com,Male,Accounting,111,Georgia,XL,Monthly
430,Christiana,Fowlestone,cfowlestonebx@ebay.co.uk,Male,Services,391,Kentucky,XS,Yearly
431,Gilbertine,Matzeitis,gmatzeitisby@samsung.com,Male,Training,343,Virginia,L,Daily
432,Corri,Garbutt,cgarbuttbz@cbsnews.com,Male,Training,349,Illinois,S,Never
433,Margalo,Baterip,mbateripc0@qq.com,Female,Business Development,38,Kentucky,2XL,Monthly
434,Joannes,Fowle,jfowlec1@wufoo.com,Male,Product Management,279,Tennessee,M,Seldom
435,Nerta,Cassy,ncassyc2@indiatimes.com,Male,Product Management,237,New York,3XL,Yearly
436,Patricia,Vigurs,pvigursc3@dot.gov,Female,Services,269,California,L,Weekly
437,Krisha,Pauler,kpaulerc4@redcross.org,Male,Accounting,419,New York,XS,Once
438,Maire,Colafate,mcolafatec5@imdb.com,Female,Training,133,West Virginia,L,Never
439,Clerc,Brinkley,cbrinkleyc6@phoca.cz,Female,Marketing,122,Georgia,M,Often
440,Robinet,Francescozzi,rfrancescozzic7@gov.uk,Male,Services,212,Colorado,S,Once
441,Marvin,Kiehne,mkiehnec8@ted.com,Female,Engineering,213,Texas,L,Once
442,Corene,Falco,cfalcoc9@purevolume.com,Male,Services,317,North Carolina,3XL,Seldom
443,Anissa,Picheford,apichefordca@comsenz.com,Male,Support,178,California,S,Yearly
444,Lonnie,Delepine,ldelepinecb@google.com.hk,Female,Research and Development,155,New York,M,Weekly
445,Friederike,Aizik,faizikcc@icq.com,Female,Research and Development,65,Ohio,L,Weekly
446,Aprilette,McPhilip,amcphilipcd@simplemachines.org,Female,Accounting,468,Michigan,M,Daily
447,Baillie,Okenfold,bokenfoldce@360.cn,Male,Human Resources,327,Texas,XL,Yearly
448,Gracie,McMenamy,gmcmenamycf@studiopress.com,Female,Sales,114,Illinois,L,Daily
449,Rahel,Moppett,rmoppettcg@cyberchimps.com,Male,Human Resources,309,Michigan,XS,Often
450,Mirabel,Deeth,mdeethch@meetup.com,Male,Support,142,Texas,M,Weekly
451,Austina,Tankin,atankinci@adobe.com,Male,Training,211,Texas,3XL,Never
452,Diarmid,Glasscoe,dglasscoecj@delicious.com,Male,Legal,372,Colorado,2XL,Once
453,Katinka,Daborne,kdaborneck@bloglines.com,Male,Accounting,81,Florida,2XL,Never
454,Derril,Decroix,ddecroixcl@apple.com,Female,Research and Development,399,California,2XL,Never
455,Ninetta,Kisar,nkisarcm@ucoz.com,Female,Services,117,Colorado,XL,Daily
456,Roberta,Barczynski,rbarczynskicn@jimdo.com,Female,Support,345,California,S,Monthly
457,Adele,Pummery,apummeryco@symantec.com,Male,Human Resources,411,Georgia,XL,Yearly
458,Betta,Moxom,bmoxomcp@prweb.com,Male,Research and Development,401,South Dakota,XL,Often
459,Karena,Andrieu,kandrieucq@blogspot.com,Female,Marketing,487,Texas,2XL,Yearly
460,Betteann,Plet,bpletcr@php.net,Male,Accounting,215,Oklahoma,XL,Once
461,Anabel,Haggath,ahaggathcs@rakuten.co.jp,Male,Sales,51,Pennsylvania,XS,Yearly
462,Giuditta,Anetts,ganettsct@mtv.com,Female,Research and Development,296,Virginia,M,Weekly
463,Adolpho,Mulhill,amulhillcu@booking.com,Male,Marketing,297,New York,XL,Never
464,Aland,Conibeer,aconibeercv@parallels.com,Male,Support,196,Ohio,S,Daily
465,Patrick,Tardiff,ptardiffcw@addthis.com,Female,Accounting,487,Utah,L,Seldom
466,David,Curless,dcurlesscx@mail.ru,Male,Engineering,58,Utah,L,Often
467,Maressa,Scotting,mscottingcy@mail.ru,Female,Accounting,408,Missouri,S,Once
468,Perrine,Toynbee,ptoynbeecz@soup.io,Female,Legal,77,North Carolina,3XL,Seldom
469,Ronnie,Mearing,rmearingd0@dropbox.com,Male,Engineering,73,Louisiana,XL,Monthly
470,Nickey,Jeannel,njeanneld1@quantcast.com,Female,Accounting,442,Virginia,M,Monthly
471,Mickie,Darrell,mdarrelld2@census.gov,Male,Engineering,123,Wisconsin,XL,Often
472,Darby,McCrachen,dmccrachend3@bbc.co.uk,Male,Accounting,64,New York,L,Never
473,Read,Arboine,rarboined4@cnn.com,Female,Human Resources,487,Texas,2XL,Yearly
474,Rosina,Crummie,rcrummied5@4shared.com,Male,Services,462,Texas,3XL,Seldom
475,Gunter,Kuhndel,gkuhndeld6@marketwatch.com,Male,Engineering,303,Nevada,M,Never
476,Leslie,Clapton,lclaptond7@infoseek.co.jp,Female,Business Development,58,Texas,XL,Monthly
477,Clerc,Pietron,cpietrond8@cargocollective.com,Female,Human Resources,476,Minnesota,S,Weekly
478,Gabriel,Jakoubec,gjakoubecd9@addtoany.com,Male,Services,351,California,S,Monthly
479,Bev,Rubenovic,brubenovicda@live.com,Male,Legal,400,District of Columbia,XL,Seldom
480,Worthy,Le feaver,wlefeaverdb@edublogs.org,Male,Sales,498,Wisconsin,XL,Never
481,Thacher,Breese,tbreesedc@economist.com,Female,Training,197,Florida,XS,Yearly
482,Malvina,Ledbury,mledburydd@flickr.com,Female,Support,27,Alabama,3XL,Daily
483,Cristen,Maliffe,cmaliffede@usatoday.com,Female,Services,69,Arizona,2XL,Weekly
484,Donnie,Whitchurch,dwhitchurchdf@list-manage.com,Male,Services,193,Kentucky,S,Once
485,Corinne,Berisford,cberisforddg@youtu.be,Male,Training,230,California,XL,Daily
486,Merrili,Girardey,mgirardeydh@hp.com,Male,Support,67,Illinois,L,Often
487,Sonnie,Emerton,semertondi@sciencedirect.com,Female,Support,322,Virginia,S,Never
488,Milissent,Fairn,mfairndj@symantec.com,Female,Training,422,Utah,L,Never
489,Terri-jo,Batters,tbattersdk@alibaba.com,Female,Accounting,314,Missouri,3XL,Monthly
490,Esmeralda,Saurat,esauratdl@apache.org,Female,Marketing,201,Texas,M,Seldom
491,Lucais,Yetts,lyettsdm@census.gov,Female,Sales,315,Pennsylvania,M,Weekly
492,Austine,Eversley,aeversleydn@163.com,Male,Product Management,12,Florida,XS,Never
493,Ania,Suddell,asuddelldo@biblegateway.com,Male,Product Management,460,Arkansas,M,Never
494,Donna,Pantlin,dpantlindp@google.it,Female,Marketing,121,Illinois,M,Often
495,Scarlet,Snow,ssnowdq@omniture.com,Female,Human Resources,72,Michigan,M,Often
496,Carmelina,Soame,csoamedr@studiopress.com,Female,Research and Development,386,Oklahoma,S,Monthly
497,Fionna,Addinall,faddinallds@mysql.com,Male,Legal,76,North Carolina,XS,Once
498,Winnifred,Poynton,wpoyntondt@w3.org,Female,Support,144,District of Columbia,XS,Monthly
499,Alanna,Somers,asomersdu@symantec.com,Male,Product Management,132,Oregon,2XL,Once
500,Corbett,Lansdale,clansdaledv@ovh.net,Female,Product Management,494,California,3XL,Never
501,Aveline,Morando,amorandodw@wufoo.com,Male,Legal,216,Indiana,XS,Daily
502,Delmor,Semorad,dsemoraddx@jugem.jp,Female,Training,286,District of Columbia,M,Daily
503,Othella,Gong,ogongdy@ycombinator.com,Male,Training,10,Colorado,L,Seldom
504,Marget,Raft,mraftdz@ustream.tv,Male,Research and Development,95,New Mexico,S,Daily
505,Alyosha,Cops,acopse0@sun.com,Male,Marketing,255,Texas,S,Monthly
506,Beniamino,Kubik,bkubike1@lulu.com,Male,Product Management,178,Hawaii,XL,Weekly
507,Kamila,Ogers,kogerse2@bing.com,Female,Sales,31,California,2XL,Often
508,Denney,Boylund,dboylunde3@paginegialle.it,Male,Product Management,369,California,M,Once
509,Brenden,Eakin,beakine4@delicious.com,Male,Research and Development,419,Texas,L,Monthly
510,Henka,Gaiger,hgaigere5@gravatar.com,Female,Human Resources,172,District of Columbia,S,Daily
511,Bartlet,Logg,blogge6@utexas.edu,Male,Services,314,Florida,XS,Yearly
512,Blakelee,Groocock,bgroococke7@ucla.edu,Male,Product Management,278,New York,S,Monthly
513,Reeta,Kenewel,rkenewele8@google.ru,Female,Legal,361,Virginia,M,Yearly
514,Rainer,Ohm,rohme9@weather.com,Female,Support,140,Indiana,L,Weekly
515,Ody,Madsen,omadsenea@amazonaws.com,Male,Engineering,74,California,M,Seldom
516,Dollie,Mockford,dmockfordeb@disqus.com,Female,Marketing,394,California,3XL,Seldom
517,Abrahan,Chill,achillec@census.gov,Female,Accounting,349,District of Columbia,2XL,Monthly
518,Alfredo,Lodin,alodined@lulu.com,Female,Sales,79,Texas,L,Yearly
519,Homerus,McGroarty,hmcgroartyee@walmart.com,Male,Training,466,Virginia,3XL,Never
520,Ernie,Cayley,ecayleyef@unicef.org,Female,Engineering,332,Georgia,XS,Daily
521,Laure,Diter,lditereg@gmpg.org,Female,Human Resources,364,Kansas,S,Weekly
522,Tate,Cromer,tcromereh@mozilla.org,Male,Marketing,17,California,S,Never
523,Alvie,Haughton,ahaughtonei@senate.gov,Female,Sales,30,Indiana,3XL,Monthly
524,Mal,Goldthorpe,mgoldthorpeej@printfriendly.com,Male,Marketing,391,Utah,L,Once
525,Faustine,Petrelli,fpetrelliek@etsy.com,Male,Human Resources,128,California,3XL,Monthly
526,Dorian,Orum,dorumel@usa.gov,Female,Support,66,Maryland,S,Never
527,Jo,Deble,jdebleem@answers.com,Female,Support,256,North Carolina,XL,Weekly
528,Cassaundra,Maffi,cmaffien@ebay.co.uk,Female,Engineering,270,Montana,XS,Daily
529,Immanuel,Gubbin,igubbineo@naver.com,Female,Accounting,201,Oklahoma,XL,Daily
530,Davy,Brandreth,dbrandrethep@devhub.com,Male,Training,17,Minnesota,2XL,Monthly
531,Pierce,Balbeck,pbalbeckeq@slate.com,Female,Services,456,Texas,M,Seldom
532,Jobie,Forsdicke,jforsdickeer@blogs.com,Male,Research and Development,320,Ohio,2XL,Once
533,Hope,Glading,hgladinges@wsj.com,Male,Product Management,151,Ohio,M,Often
534,Skell,Brampton,sbramptonet@ft.com,Female,Human Resources,46,California,3XL,Yearly
535,Vassili,Agney,vagneyeu@telegraph.co.uk,Male,Marketing,30,Washington,XL,Often
536,Connie,Jeffress,cjeffressev@wisc.edu,Female,Research and Development,347,Washington,XL,Often
537,Rupert,Hazelgreave,rhazelgreaveew@ehow.com,Male,Services,487,Minnesota,S,Often
538,Netty,Shurey,nshureyex@businessinsider.com,Male,Sales,73,Texas,S,Yearly
539,Janeta,Sexcey,jsexceyey@cnn.com,Male,Business Development,461,California,XL,Often
540,Bartlet,Gollin,bgollinez@live.com,Female,Business Development,206,California,L,Once
541,Ofelia,Kirdsch,okirdschf0@icio.us,Female,Engineering,184,Pennsylvania,M,Once
542,Carver,Brooke,cbrookef1@bloomberg.com,Male,Sales,402,Texas,L,Monthly
543,Moselle,Patey,mpateyf2@earthlink.net,Male,Product Management,242,California,M,Often
544,Asa,Inchan,ainchanf3@creativecommons.org,Female,Training,200,Florida,XS,Monthly
545,Philippa,Billion,pbillionf4@bizjournals.com,Female,Engineering,87,Virginia,M,Weekly
546,Aime,Presshaugh,apresshaughf5@mac.com,Female,Business Development,150,Texas,2XL,Often
547,Wilmer,McPeice,wmcpeicef6@nba.com,Male,Accounting,270,Texas,XS,Weekly
548,Reginald,Ashburne,rashburnef7@baidu.com,Male,Sales,258,Maine,L,Yearly
549,Derron,Cattellion,dcattellionf8@reverbnation.com,Male,Product Management,95,New York,L,Often
550,Godiva,Brastead,gbrasteadf9@paypal.com,Female,Research and Development,420,Pennsylvania,XS,Yearly
551,Maurita,Penn,mpennfa@alibaba.com,Male,Human Resources,416,California,M,Weekly
552,Teena,Mebs,tmebsfb@ezinearticles.com,Female,Engineering,125,Louisiana,M,Seldom
553,Laney,Tales,ltalesfc@ustream.tv,Female,Services,481,Arkansas,3XL,Once
554,Dorise,McKelvey,dmckelveyfd@google.com.hk,Female,Services,59,Florida,XS,Never
555,Gigi,Houdmont,ghoudmontfe@123-reg.co.uk,Female,Training,44,Illinois,M,Weekly
556,Gannon,Winfred,gwinfredff@bbb.org,Male,Services,165,Texas,XS,Weekly
557,Ynes,Capelow,ycapelowfg@edublogs.org,Female,Engineering,17,New York,S,Monthly
558,Monika,Hustings,mhustingsfh@1und1.de,Female,Human Resources,89,Florida,3XL,Never
559,Irene,Paszek,ipaszekfi@vk.com,Male,Business Development,230,Missouri,L,Seldom
560,Ichabod,Furney,ifurneyfj@baidu.com,Female,Research and Development,44,District of Columbia,2XL,Never
561,Broderick,Dimitrijevic,bdimitrijevicfk@mashable.com,Male,Engineering,489,Arizona,M,Monthly
562,Sari,O'Dreain,sodreainfl@hp.com,Female,Product Management,14,California,L,Never
563,Farrah,Sherwen,fsherwenfm@shinystat.com,Female,Engineering,164,Ohio,2XL,Once
564,Kayne,Bosquet,kbosquetfn@arstechnica.com,Female,Services,122,New Jersey,S,Seldom
565,Beverlee,Camacke,bcamackefo@cloudflare.com,Male,Product Management,493,Maryland,L,Once
566,Osbourn,Marrington,omarringtonfp@flickr.com,Male,Business Development,376,Oklahoma,S,Weekly
567,Heidi,Schaffel,hschaffelfq@dailymail.co.uk,Male,Product Management,137,Georgia,XL,Often
568,Carol-jean,Brevitt,cbrevittfr@bizjournals.com,Male,Product Management,339,Florida,2XL,Often
569,Rabi,Pleaden,rpleadenfs@uiuc.edu,Male,Marketing,283,Colorado,XS,Weekly
570,Sebastian,Dorman,sdormanft@harvard.edu,Female,Training,190,Texas,XL,Monthly
571,Goldy,Brideaux,gbrideauxfu@macromedia.com,Male,Legal,80,Ohio,M,Once
572,Robinson,Thomasson,rthomassonfv@tiny.cc,Male,Human Resources,363,Texas,XL,Yearly
573,Sherill,Ribeiro,sribeirofw@studiopress.com,Female,Engineering,287,California,2XL,Weekly
574,Eddy,Friend,efriendfx@webnode.com,Male,Support,223,New York,2XL,Once
575,Gerek,Lawler,glawlerfy@e-recht24.de,Female,Accounting,371,Indiana,M,Yearly
576,Queenie,Duckit,qduckitfz@globo.com,Female,Support,334,Oklahoma,S,Never
577,Margret,Eykelbosch,meykelboschg0@cbc.ca,Male,Services,400,Ohio,3XL,Once
578,Kristel,Gwalter,kgwalterg1@topsy.com,Male,Engineering,122,Kentucky,M,Often
579,Rafe,Brusin,rbrusing2@nymag.com,Male,Business Development,274,Virginia,M,Yearly
580,Any,Sprowell,asprowellg3@example.com,Female,Research and Development,111,New York,3XL,Often
581,Quintina,Siaspinski,qsiaspinskig4@ox.ac.uk,Female,Marketing,101,South Carolina,XS,Weekly
582,Tirrell,Oglevie,toglevieg5@newyorker.com,Male,Services,143,Texas,XS,Once
583,Nikki,Blackaller,nblackallerg6@edublogs.org,Female,Support,59,Maryland,M,Often
584,Dougie,Gambie,dgambieg7@elpais.com,Female,Legal,30,Idaho,XL,Never
585,Sigismund,Yeandel,syeandelg8@answers.com,Female,Marketing,25,Washington,M,Often
586,Edouard,Bellinger,ebellingerg9@csmonitor.com,Female,Product Management,351,Louisiana,M,Weekly
587,Alfie,Thirlwell,athirlwellga@amazon.co.jp,Female,Accounting,439,Arizona,S,Monthly
588,Koo,Ingledow,kingledowgb@lulu.com,Female,Accounting,252,North Carolina,S,Weekly
589,Linnet,Dain,ldaingc@google.cn,Male,Business Development,428,Missouri,M,Monthly
590,Steffi,Stickel,sstickelgd@indiatimes.com,Female,Research and Development,153,Texas,XL,Monthly
591,Anitra,Heintz,aheintzge@intel.com,Female,Sales,26,Ohio,XL,Monthly
592,Catie,Bedburrow,cbedburrowgf@friendfeed.com,Male,Accounting,240,Texas,2XL,Yearly
593,Cart,Cockram,ccockramgg@oakley.com,Female,Training,137,Nevada,2XL,Daily
594,Anthiathia,Gilkes,agilkesgh@istockphoto.com,Male,Research and Development,300,Connecticut,3XL,Weekly
595,Halley,Libbe,hlibbegi@intel.com,Male,Accounting,184,Delaware,L,Daily
596,Willamina,Chadbourn,wchadbourngj@hexun.com,Female,Support,473,Massachusetts,M,Weekly
597,Janine,Ferber,jferbergk@cnet.com,Male,Engineering,408,District of Columbia,3XL,Never
598,Clyde,O'Kenny,cokennygl@ebay.co.uk,Female,Research and Development,482,Virginia,L,Yearly
599,Trula,Janew,tjanewgm@sourceforge.net,Female,Research and Development,146,South Carolina,L,Weekly
600,Inna,Lawlie,ilawliegn@google.cn,Male,Research and Development,442,California,L,Yearly
601,Ruby,Kinglake,rkinglakego@yellowpages.com,Male,Marketing,458,Kentucky,2XL,Never
602,Cristie,Burder,cburdergp@livejournal.com,Male,Training,128,California,M,Yearly
603,Martina,Drillingcourt,mdrillingcourtgq@sciencedaily.com,Male,Business Development,468,Nevada,2XL,Often
604,Esmaria,De Carlo,edecarlogr@yale.edu,Male,Research and Development,469,Virginia,3XL,Yearly
605,Jeremias,Frank,jfrankgs@pinterest.com,Male,Services,78,California,2XL,Never
606,Averil,Janodet,ajanodetgt@wunderground.com,Female,Accounting,296,North Carolina,2XL,Once
607,Ambros,Millmoe,amillmoegu@alibaba.com,Female,Support,217,Florida,M,Yearly
608,Jaime,Hylands,jhylandsgv@gmpg.org,Female,Business Development,465,Florida,XL,Once
609,Elia,Richardson,erichardsongw@wordpress.org,Male,Marketing,335,Tennessee,3XL,Weekly
610,Bogey,Southerell,bsoutherellgx@multiply.com,Female,Training,152,California,M,Yearly
611,Otis,Zemler,ozemlergy@ow.ly,Female,Marketing,146,Florida,3XL,Never
612,Adrien,Gabriely,agabrielygz@discovery.com,Male,Sales,215,Iowa,M,Monthly
613,Fredrika,Flahy,fflahyh0@uiuc.edu,Male,Human Resources,75,West Virginia,XS,Monthly
614,Alanson,Fardoe,afardoeh1@clickbank.net,Female,Research and Development,261,Missouri,L,Monthly
615,Adamo,Swaddle,aswaddleh2@craigslist.org,Male,Product Management,226,District of Columbia,XL,Daily
616,Arlette,Succamore,asuccamoreh3@statcounter.com,Male,Support,186,Florida,L,Often
617,Shana,Farnsworth,sfarnsworthh4@1688.com,Male,Business Development,482,Texas,XS,Never
618,Andy,Price,apriceh5@bravesites.com,Female,Business Development,36,Florida,L,Weekly
619,Agosto,Fayer,afayerh6@cafepress.com,Male,Engineering,411,Florida,L,Seldom
620,Connie,Kerfod,ckerfodh7@forbes.com,Female,Business Development,451,Colorado,XS,Often
621,Shane,Billyeald,sbillyealdh8@slate.com,Female,Engineering,265,Kentucky,L,Yearly
622,Sisile,Calderwood,scalderwoodh9@businesswire.com,Female,Human Resources,287,New York,S,Yearly
623,Brion,Freemantle,bfreemantleha@zdnet.com,Female,Research and Development,320,Pennsylvania,XL,Never
624,Marissa,Grimes,mgrimeshb@thetimes.co.uk,Male,Support,421,Idaho,L,Monthly
625,Adriena,Spurett,aspuretthc@unicef.org,Female,Sales,193,District of Columbia,L,Monthly
626,Stearn,Cruse,scrusehd@gizmodo.com,Male,Product Management,57,Florida,3XL,Weekly
627,Dilly,Vankin,dvankinhe@mlb.com,Male,Services,269,Tennessee,L,Daily
628,Mahmoud,Hawtry,mhawtryhf@vimeo.com,Male,Legal,40,District of Columbia,M,Weekly
629,Penni,Bysshe,pbysshehg@patch.com,Female,Services,33,Florida,L,Monthly
630,Ferdinand,McMillan,fmcmillanhh@hugedomains.com,Male,Support,14,Texas,S,Yearly
631,Ciel,Witherdon,cwitherdonhi@eventbrite.com,Female,Support,321,Washington,L,Monthly
632,Laurette,Jorck,ljorckhj@slate.com,Female,Research and Development,27,Colorado,2XL,Seldom
633,Madison,Scoggins,mscogginshk@sciencedirect.com,Female,Engineering,154,Kentucky,3XL,Seldom
634,Enrico,Shapland,eshaplandhl@w3.org,Male,Product Management,460,Texas,3XL,Once
635,Hort,Danslow,hdanslowhm@alibaba.com,Female,Human Resources,334,California,L,Yearly
636,Gardie,Heddy,gheddyhn@cafepress.com,Female,Research and Development,309,Massachusetts,3XL,Often
637,Jacobo,Wogan,jwoganho@51.la,Female,Training,422,Nebraska,3XL,Never
638,Melisa,Fowle,mfowlehp@rediff.com,Male,Product Management,267,Missouri,2XL,Never
639,Allie,Novotne,anovotnehq@sbwire.com,Female,Support,191,Georgia,XS,Once
640,Arturo,Tuffrey,atuffreyhr@mac.com,Male,Human Resources,8,Florida,XL,Once
641,Devland,Elleton,delletonhs@ucla.edu,Male,Business Development,254,Virginia,M,Daily
642,Erinna,Beaty,ebeatyht@is.gd,Female,Sales,421,Minnesota,L,Often
643,Silvan,Aireton,sairetonhu@un.org,Male,Human Resources,174,Nebraska,2XL,Daily
644,Carson,Dies,cdieshv@statcounter.com,Female,Legal,324,Texas,3XL,Never
645,Kelvin,Lickorish,klickorishhw@who.int,Female,Services,296,Texas,S,Monthly
646,Torre,Leggett,tleggetthx@t-online.de,Female,Accounting,84,Texas,3XL,Never
647,Marcille,Birdall,mbirdallhy@163.com,Male,Support,112,Illinois,M,Monthly
648,Lambert,Sieur,lsieurhz@example.com,Female,Accounting,177,Indiana,3XL,Seldom
649,Walsh,Mulvenna,wmulvennai0@apache.org,Male,Business Development,399,Texas,3XL,Daily
650,Timmy,Hastilow,thastilowi1@samsung.com,Male,Services,146,Ohio,M,Often
651,Selestina,Benwell,sbenwelli2@xinhuanet.com,Male,Accounting,133,Illinois,XL,Often
652,Ailyn,Jeannequin,ajeannequini3@example.com,Male,Human Resources,45,Nebraska,3XL,Once
653,Beth,Million,bmillioni4@yolasite.com,Male,Product Management,279,District of Columbia,XL,Monthly
654,Zita,Newey,zneweyi5@tinyurl.com,Female,Engineering,193,Virginia,XL,Monthly
655,Meghann,Bexley,mbexleyi6@oaic.gov.au,Female,Sales,424,Georgia,M,Daily
656,Dominga,Carrodus,dcarrodusi7@ocn.ne.jp,Male,Product Management,328,North Carolina,2XL,Never
657,Sena,Assandri,sassandrii8@adobe.com,Female,Product Management,229,North Carolina,XS,Often
658,Garrek,Wicklen,gwickleni9@howstuffworks.com,Female,Business Development,6,Missouri,XS,Monthly
659,Virginie,Gothard,vgothardia@rakuten.co.jp,Male,Business Development,265,New York,L,Daily
660,Juline,Baudacci,jbaudacciib@kickstarter.com,Female,Accounting,216,Michigan,S,Often
661,Farlie,Ladd,fladdic@tuttocitta.it,Male,Human Resources,348,Mississippi,2XL,Once
662,Spike,Neely,sneelyid@ning.com,Male,Marketing,130,Connecticut,XS,Yearly
663,Gertie,Horribine,ghorribineie@nyu.edu,Male,Training,397,Texas,XS,Yearly
664,Eydie,Kyberd,ekyberdif@ted.com,Female,Human Resources,320,New York,S,Often
665,Urson,Grzegorzewski,ugrzegorzewskiig@aboutads.info,Female,Business Development,175,Nevada,XL,Daily
666,Rudolf,Colcutt,rcolcuttih@usda.gov,Female,Support,387,New York,M,Once
667,Jameson,Billanie,jbillanieii@alexa.com,Female,Training,262,Louisiana,XS,Once
668,Cody,Bern,cbernij@nydailynews.com,Male,Marketing,151,North Carolina,2XL,Never
669,Shauna,Salvati,ssalvatiik@jigsy.com,Male,Training,347,Texas,L,Often
670,Almeta,Rusbridge,arusbridgeil@yellowbook.com,Female,Product Management,111,Alabama,L,Once
671,Isaak,Tutt,ituttim@wufoo.com,Female,Training,39,Tennessee,L,Daily
672,Robenia,Aidler,raidlerin@smh.com.au,Male,Sales,411,California,XL,Seldom
673,Louisette,Paolillo,lpaolilloio@virginia.edu,Male,Marketing,108,California,XS,Monthly
674,Meagan,Woehler,mwoehlerip@parallels.com,Male,Sales,173,Florida,3XL,Once
675,Cherey,Goodings,cgoodingsiq@ucoz.com,Male,Legal,205,Louisiana,XS,Often
676,Kaitlin,Tomasicchio,ktomasicchioir@state.gov,Female,Research and Development,461,Iowa,3XL,Yearly
677,Jesus,Redfearn,jredfearnis@mlb.com,Female,Product Management,423,North Carolina,3XL,Often
678,Barth,Feltoe,bfeltoeit@berkeley.edu,Male,Business Development,277,Iowa,3XL,Weekly
679,Sherwin,Stevenson,sstevensoniu@yahoo.com,Female,Human Resources,6,California,2XL,Often
680,Adel,Pullin,apulliniv@xing.com,Male,Engineering,277,New Jersey,L,Yearly
681,Shanta,Ruoss,sruossiw@uol.com.br,Male,Services,172,Tennessee,3XL,Once
682,Elke,Hendonson,ehendonsonix@fda.gov,Male,Business Development,184,Pennsylvania,L,Seldom
683,Hashim,MacConchie,hmacconchieiy@mac.com,Female,Engineering,455,California,3XL,Seldom
684,Maisey,Maylard,mmaylardiz@illinois.edu,Female,Accounting,107,New York,M,Once
685,Chastity,Cardinale,ccardinalej0@hubpages.com,Female,Research and Development,37,Kansas,3XL,Often
686,Hymie,Durward,hdurwardj1@blogtalkradio.com,Male,Product Management,233,Ohio,XL,Monthly
687,Laurence,Piff,lpiffj2@baidu.com,Male,Human Resources,338,North Carolina,L,Weekly
688,Regan,Rigg,rriggj3@altervista.org,Female,Product Management,183,California,3XL,Once
689,Avery,MacConnechie,amacconnechiej4@youku.com,Male,Services,387,Arizona,L,Daily
690,Towny,Littleproud,tlittleproudj5@ow.ly,Male,Training,281,Tennessee,XL,Daily
691,Chip,Foggarty,cfoggartyj6@buzzfeed.com,Female,Product Management,146,Texas,L,Weekly
692,Alain,Rothwell,arothwellj7@dell.com,Male,Services,6,Colorado,2XL,Never
693,Randy,Conachy,rconachyj8@salon.com,Female,Human Resources,184,Illinois,2XL,Monthly
694,Rheba,Herkess,rherkessj9@t.co,Male,Business Development,190,Louisiana,3XL,Never
695,Roger,Sherewood,rsherewoodja@marriott.com,Female,Marketing,56,Florida,L,Daily
696,Augustine,Leftbridge,aleftbridgejb@mlb.com,Male,Marketing,477,California,3XL,Daily
697,Kesley,McCambridge,kmccambridgejc@g.co,Male,Support,266,North Dakota,M,Never
698,Charisse,O'Hickey,cohickeyjd@typepad.com,Male,Training,363,Texas,3XL,Never
699,Theresa,Nardi,tnardije@washingtonpost.com,Female,Legal,154,California,XS,Yearly
700,Augustina,Drysdale,adrysdalejf@cbslocal.com,Female,Sales,164,Massachusetts,XS,Never
701,Orel,Keighley,okeighleyjg@twitter.com,Female,Product Management,146,North Carolina,XL,Never
702,Tiffani,Tombleson,ttomblesonjh@pen.io,Female,Services,487,Texas,XS,Seldom
703,Yetty,Tilmouth,ytilmouthji@purevolume.com,Female,Training,274,Illinois,L,Never
704,Terrance,Toulch,ttoulchjj@yandex.ru,Female,Support,465,Georgia,L,Once
705,Stearne,Theobold,stheoboldjk@ifeng.com,Female,Sales,102,New York,3XL,Seldom
706,Blondell,Bruin,bbruinjl@live.com,Female,Training,227,Minnesota,L,Never
707,Larisa,Hambleton,lhambletonjm@omniture.com,Female,Business Development,95,Arkansas,2XL,Yearly
708,Ignacius,Storry,istorryjn@acquirethisname.com,Female,Business Development,22,Mississippi,S,Often
709,Sissie,Burnside,sburnsidejo@google.fr,Female,Sales,431,Florida,XL,Seldom
710,Barbra,Craighead,bcraigheadjp@umich.edu,Female,Training,32,Minnesota,L,Weekly
711,Netti,Attenbrough,nattenbroughjq@digg.com,Female,Marketing,297,Iowa,XS,Never
712,Matthiew,Cubitt,mcubittjr@twitter.com,Female,Product Management,7,Texas,L,Monthly
713,Aurore,Filliskirk,afilliskirkjs@theguardian.com,Female,Marketing,423,District of Columbia,XL,Monthly
714,Lory,Rayworth,lrayworthjt@freewebs.com,Male,Engineering,354,Nevada,L,Once
715,Temple,Lambrecht,tlambrechtju@freewebs.com,Female,Training,413,Oklahoma,M,Once
716,Silvan,Chadburn,schadburnjv@devhub.com,Male,Business Development,195,Ohio,M,Daily
717,Kenneth,Netti,knettijw@sohu.com,Female,Sales,273,California,XL,Never
718,Maurizia,Pinkstone,mpinkstonejx@cdc.gov,Female,Services,82,Florida,3XL,Yearly
719,Sarita,Vanichkov,svanichkovjy@1688.com,Male,Services,213,Oregon,2XL,Seldom
720,Piper,Drains,pdrainsjz@mlb.com,Female,Accounting,364,Louisiana,S,Seldom
721,Kanya,Pre,kprek0@tuttocitta.it,Female,Accounting,418,Oklahoma,XL,Once
722,Helsa,Espinola,hespinolak1@simplemachines.org,Male,Support,441,California,XL,Once
723,Matty,Pozzo,mpozzok2@google.co.uk,Male,Training,455,Missouri,3XL,Yearly
724,Lorry,Cullinane,lcullinanek3@cmu.edu,Female,Sales,66,Arizona,S,Seldom
725,Isa,Oppery,iopperyk4@hhs.gov,Female,Support,78,California,M,Once
726,Ernestine,Esgate,eesgatek5@g.co,Male,Sales,49,Nevada,XL,Never
727,Laurice,Ruttgers,lruttgersk6@networkadvertising.org,Male,Sales,22,Tennessee,L,Once
728,Brady,Danton,bdantonk7@harvard.edu,Male,Business Development,196,Nevada,XL,Seldom
729,Eddi,Atcherley,eatcherleyk8@google.ru,Female,Training,492,New York,2XL,Weekly
730,Korney,Andrzejczak,kandrzejczakk9@washingtonpost.com,Male,Legal,72,Mississippi,S,Never
731,Consuela,Faivre,cfaivreka@marketwatch.com,Male,Sales,52,Iowa,L,Often
732,Boone,Wixey,bwixeykb@indiatimes.com,Male,Research and Development,321,Louisiana,2XL,Never
733,Andrew,Tudge,atudgekc@digg.com,Male,Human Resources,141,Tennessee,L,Yearly
734,Joela,Fonzo,jfonzokd@angelfire.com,Female,Product Management,90,West Virginia,L,Daily
735,Goldy,Eglaise,geglaiseke@dmoz.org,Male,Human Resources,247,Delaware,3XL,Once
736,Justine,Mishaw,jmishawkf@youku.com,Male,Services,112,Texas,M,Yearly
737,Denis,Govan,dgovankg@nytimes.com,Male,Research and Development,268,Indiana,2XL,Once
738,Brantley,Blay,bblaykh@engadget.com,Female,Sales,86,California,S,Daily
739,Cassi,Lapthorn,clapthornki@nba.com,Female,Training,247,Nebraska,3XL,Monthly
740,Jesselyn,Keatley,jkeatleykj@wufoo.com,Female,Legal,387,Maryland,M,Yearly
741,Early,Kolakovic,ekolakovickk@sohu.com,Male,Sales,400,Virginia,3XL,Often
742,Ashia,Perree,aperreekl@theguardian.com,Male,Engineering,327,Texas,XL,Monthly
743,Dar,Le Fleming,dleflemingkm@nbcnews.com,Female,Research and Development,423,Montana,S,Once
744,Anselma,Ornils,aornilskn@wordpress.org,Female,Product Management,44,Georgia,S,Weekly
745,Charlton,Gittus,cgittusko@lulu.com,Female,Accounting,417,Texas,M,Monthly
746,Cirillo,Roget,crogetkp@over-blog.com,Female,Support,80,Florida,2XL,Weekly
747,Osmond,Plaide,oplaidekq@yandex.ru,Male,Support,63,Illinois,2XL,Monthly
748,Betteanne,Gegay,bgegaykr@springer.com,Male,Research and Development,316,Iowa,L,Daily
749,Kaile,Kayley,kkayleyks@columbia.edu,Female,Marketing,334,Massachusetts,S,Monthly
750,Benny,Figure,bfigurekt@msn.com,Male,Legal,320,Hawaii,L,Once
751,Cristobal,Houldin,chouldinku@tuttocitta.it,Female,Engineering,17,Texas,M,Often
752,Priscella,MacKilroe,pmackilroekv@opensource.org,Male,Research and Development,201,California,L,Once
753,Moss,Arrighetti,marrighettikw@phoca.cz,Female,Legal,292,Texas,S,Weekly
754,Sherye,Pickering,spickeringkx@vk.com,Female,Training,37,Colorado,2XL,Once
755,Nickolai,Keppin,nkeppinky@ebay.com,Female,Business Development,362,Texas,XL,Once
756,Isabella,Ebbins,iebbinskz@msn.com,Female,Legal,299,Kentucky,2XL,Never
757,Nada,Pimer,npimerl0@discuz.net,Female,Business Development,197,Indiana,M,Yearly
758,Rafaelita,Barti,rbartil1@state.tx.us,Male,Legal,260,Wisconsin,3XL,Weekly
759,Riobard,Wort,rwortl2@ezinearticles.com,Male,Engineering,59,California,XL,Daily
760,Lilyan,Couch,lcouchl3@vimeo.com,Male,Product Management,352,Georgia,S,Often
761,Calla,Opdenorth,copdenorthl4@bbb.org,Female,Support,78,New York,2XL,Once
762,Carly,Broxton,cbroxtonl5@nyu.edu,Female,Sales,385,North Dakota,L,Yearly
763,Cassandry,Linnett,clinnettl6@blogger.com,Female,Human Resources,135,Indiana,M,Weekly
764,Rickie,Benini,rbeninil7@alibaba.com,Male,Engineering,280,Tennessee,M,Yearly
765,Karilynn,Ivan,kivanl8@addthis.com,Female,Engineering,490,Kentucky,M,Yearly
766,Link,Rew,lrewl9@cocolog-nifty.com,Female,Engineering,192,Florida,S,Monthly
767,Pearle,Thackston,pthackstonla@canalblog.com,Female,Sales,323,Nevada,XS,Often
768,Jaimie,Lockhart,jlockhartlb@i2i.jp,Male,Sales,73,Kentucky,3XL,Often
769,Peder,Rilton,priltonlc@trellian.com,Female,Sales,499,Delaware,L,Often
770,Jamesy,Noddle,jnoddleld@java.com,Female,Research and Development,153,Michigan,2XL,Seldom
771,Rolf,Glander,rglanderle@shinystat.com,Male,Training,47,Georgia,2XL,Daily
772,Jillian,Shoorbrooke,jshoorbrookelf@desdev.cn,Female,Product Management,462,District of Columbia,2XL,Often
773,Byron,Edser,bedserlg@imageshack.us,Female,Marketing,180,Louisiana,2XL,Daily
774,Jodee,Popplewell,jpopplewelllh@weibo.com,Female,Business Development,233,Montana,S,Once
775,Merle,Herreros,mherrerosli@wired.com,Male,Accounting,50,New York,2XL,Seldom
776,Ragnar,Betjes,rbetjeslj@github.io,Male,Human Resources,266,Colorado,M,Seldom
777,Benedikt,Farbrother,bfarbrotherlk@reference.com,Female,Product Management,243,Massachusetts,3XL,Monthly
778,Aron,Castillou,acastilloull@tuttocitta.it,Female,Support,368,Texas,XS,Never
779,Marsha,Beards,mbeardslm@marriott.com,Male,Product Management,346,Virginia,XL,Monthly
780,Margette,Tyt,mtytln@eepurl.com,Female,Human Resources,388,Illinois,XL,Yearly
781,Louise,Handmore,lhandmorelo@zimbio.com,Male,Research and Development,414,Tennessee,XL,Seldom
782,Alberto,Trasler,atraslerlp@flavors.me,Male,Engineering,41,New York,3XL,Daily
783,Marline,Merrington,mmerringtonlq@nba.com,Female,Product Management,7,Florida,XL,Once
784,Meryl,Corbyn,mcorbynlr@odnoklassniki.ru,Male,Marketing,368,Florida,M,Yearly
785,Obidiah,Dechelle,odechellels@studiopress.com,Male,Research and Development,465,California,S,Once
786,Veronika,Marioneau,vmarioneault@ox.ac.uk,Female,Product Management,476,Tennessee,XL,Often
787,Roman,Newell,rnewelllu@dedecms.com,Female,Training,186,California,XS,Daily
788,Athena,Stockport,astockportlv@omniture.com,Female,Sales,290,District of Columbia,L,Once
789,Michaela,McCloughen,mmccloughenlw@cargocollective.com,Male,Accounting,200,District of Columbia,S,Daily
790,Alair,Hewson,ahewsonlx@ezinearticles.com,Female,Marketing,436,Illinois,XL,Never
791,Griselda,Zapatero,gzapateroly@stanford.edu,Female,Legal,428,Kansas,XL,Daily
792,Madalena,Vieyra,mvieyralz@mtv.com,Male,Research and Development,319,Georgia,2XL,Yearly
793,Madelin,Giddy,mgiddym0@jiathis.com,Female,Support,431,Kentucky,2XL,Weekly
794,Skipp,Exton,sextonm1@marketwatch.com,Female,Services,407,Massachusetts,S,Often
795,Modestia,Rubery,mruberym2@pbs.org,Female,Training,123,Florida,S,Once
796,Jonell,Bonallack,jbonallackm3@globo.com,Male,Business Development,184,West Virginia,XS,Weekly
797,Eamon,Doreward,edorewardm4@soundcloud.com,Female,Support,35,Florida,L,Weekly
798,Benedicta,Coaten,bcoatenm5@zdnet.com,Female,Legal,303,Pennsylvania,M,Monthly
799,Gus,Gawkes,ggawkesm6@harvard.edu,Male,Sales,48,Kentucky,S,Yearly
800,Neddy,Lackington,nlackingtonm7@go.com,Female,Support,283,Alabama,L,Seldom
801,Cass,Tetla,ctetlam8@desdev.cn,Male,Legal,117,North Carolina,M,Often
802,Carina,Swarbrigg,cswarbriggm9@state.gov,Female,Support,250,Texas,2XL,Once
803,Fredek,Selby,fselbyma@prnewswire.com,Male,Support,327,Arizona,2XL,Daily
804,Maia,Whyborne,mwhybornemb@techcrunch.com,Male,Engineering,167,Nevada,3XL,Often
805,Norine,McKevany,nmckevanymc@theglobeandmail.com,Male,Legal,83,Texas,XS,Never
806,Elnora,Burnage,eburnagemd@cbsnews.com,Female,Business Development,186,California,XL,Daily
807,Alyssa,Huster,ahusterme@unc.edu,Female,Training,428,District of Columbia,XS,Seldom
808,Edward,Swane,eswanemf@mozilla.org,Female,Business Development,153,Georgia,XL,Monthly
809,Anthia,Bartoloma,abartolomamg@wired.com,Male,Legal,175,Virginia,L,Monthly
810,Immanuel,Linebarger,ilinebargermh@wunderground.com,Female,Business Development,188,Alabama,XS,Daily
811,Cornela,Beaby,cbeabymi@narod.ru,Female,Product Management,392,Illinois,L,Seldom
812,Marielle,Hayller,mhayllermj@vk.com,Male,Research and Development,230,North Carolina,XL,Weekly
813,Gusti,Stollenbeck,gstollenbeckmk@accuweather.com,Female,Services,251,Washington,L,Seldom
814,Corby,Veldstra,cveldstraml@oaic.gov.au,Male,Marketing,411,Ohio,XL,Never
815,Nerta,O'Griffin,nogriffinmm@twitter.com,Male,Services,319,Oklahoma,3XL,Seldom
816,Colline,Goldes,cgoldesmn@google.co.uk,Male,Accounting,25,North Carolina,2XL,Weekly
817,Barnie,McCorley,bmccorleymo@opera.com,Female,Human Resources,458,Colorado,XS,Yearly
818,Aile,Buey,abueymp@hc360.com,Female,Business Development,400,Nevada,L,Seldom
819,Rodney,Tarply,rtarplymq@theatlantic.com,Female,Engineering,83,Texas,S,Yearly
820,Birch,Staves,bstavesmr@japanpost.jp,Male,Research and Development,409,New York,S,Often
821,Sholom,Martel,smartelms@washington.edu,Female,Business Development,63,Florida,3XL,Daily
822,Maureen,Barstowk,mbarstowkmt@loc.gov,Male,Sales,279,New Jersey,XL,Weekly
823,Helen-elizabeth,Pawle,hpawlemu@1und1.de,Male,Services,273,Nebraska,3XL,Monthly
824,Janel,Sinclair,jsinclairmv@com.com,Female,Business Development,312,Ohio,XS,Daily
825,Vaughn,Vader,vvadermw@jiathis.com,Female,Product Management,434,Pennsylvania,2XL,Weekly
826,Mavis,Tayspell,mtayspellmx@behance.net,Male,Engineering,5,Oklahoma,S,Daily
827,Ancell,O'Heneghan,aoheneghanmy@scientificamerican.com,Female,Marketing,161,Arkansas,L,Once
828,Griffith,Currom,gcurrommz@jalbum.net,Male,Support,382,Georgia,M,Monthly
829,Neysa,Palay,npalayn0@purevolume.com,Male,Accounting,355,Alabama,2XL,Yearly
830,Ariel,MacCaughan,amaccaughann1@imgur.com,Female,Research and Development,94,Virginia,XS,Yearly
831,Alix,Mervyn,amervynn2@ucoz.com,Female,Engineering,61,Florida,3XL,Yearly
832,Sarah,Konke,skonken3@narod.ru,Female,Engineering,296,Utah,S,Monthly
833,Kerby,Troyes,ktroyesn4@microsoft.com,Male,Services,398,Pennsylvania,XL,Monthly
834,Pooh,Angear,pangearn5@imageshack.us,Male,Legal,221,Texas,XL,Monthly
835,Mathilde,Josef,mjosefn6@sciencedirect.com,Female,Support,9,Oklahoma,XS,Monthly
836,Brandy,Grishenkov,bgrishenkovn7@studiopress.com,Male,Support,83,Montana,L,Weekly
837,Genevra,Cowpe,gcowpen8@pen.io,Female,Sales,207,California,2XL,Yearly
838,Lin,Bruckental,lbruckentaln9@icio.us,Male,Engineering,484,California,S,Once
839,Ciro,Greeding,cgreedingna@buzzfeed.com,Female,Marketing,127,Florida,XL,Yearly
840,Korie,Hourston,khourstonnb@patch.com,Female,Product Management,7,Ohio,L,Often
841,Jackqueline,Mussard,jmussardnc@last.fm,Female,Training,40,District of Columbia,2XL,Yearly
842,Orin,Kirkbright,okirkbrightnd@google.fr,Male,Training,304,Tennessee,XL,Often
843,Rosco,Prugel,rprugelne@bloglovin.com,Male,Sales,182,Texas,3XL,Often
844,Tasia,Josling,tjoslingnf@seesaa.net,Male,Accounting,291,Florida,L,Monthly
845,Pet,Bacon,pbaconng@dagondesign.com,Female,Human Resources,5,Alabama,XS,Daily
846,Gannon,Ferries,gferriesnh@wix.com,Female,Legal,175,South Carolina,S,Once
847,Violet,Turk,vturkni@dmoz.org,Male,Business Development,39,California,L,Monthly
848,Rossy,Bisset,rbissetnj@qq.com,Male,Product Management,194,Texas,XS,Daily
849,Clementia,Thornthwaite,cthornthwaitenk@123-reg.co.uk,Male,Training,105,Hawaii,2XL,Monthly
850,Kaitlin,Coopman,kcoopmannl@ebay.com,Female,Research and Development,273,Georgia,M,Weekly
851,Yoshi,Rattery,yratterynm@youtube.com,Male,Services,452,Texas,M,Weekly
852,Daisie,Lamperd,dlamperdnn@drupal.org,Male,Human Resources,247,Tennessee,M,Seldom
853,Daren,Coll,dcollno@prweb.com,Male,Engineering,245,New York,M,Never
854,Erica,Jeffes,ejeffesnp@spotify.com,Female,Human Resources,180,Georgia,XS,Daily
855,Giff,Dagg,gdaggnq@salon.com,Female,Sales,63,California,XS,Daily
856,Gerardo,Riding,gridingnr@quantcast.com,Male,Business Development,87,Connecticut,S,Seldom
857,Gabriel,Pendlenton,gpendlentonns@google.ca,Female,Accounting,143,South Carolina,M,Seldom
858,Terrie,Roast,troastnt@mit.edu,Male,Marketing,436,New York,XL,Weekly
859,Hynda,Davidi,hdavidinu@addtoany.com,Female,Product Management,307,Tennessee,M,Weekly
860,Boris,Powys,bpowysnv@comsenz.com,Female,Engineering,397,Georgia,XS,Never
861,Rozina,Frapwell,rfrapwellnw@instagram.com,Male,Marketing,41,North Carolina,S,Daily
862,Morris,MacLucais,mmaclucaisnx@nyu.edu,Female,Support,417,Florida,XL,Once
863,Theadora,Lindenboim,tlindenboimny@nyu.edu,Female,Product Management,68,Delaware,L,Monthly
864,Mendel,Sivyour,msivyournz@wikipedia.org,Female,Sales,261,Pennsylvania,XS,Monthly
865,Renaldo,Tuxill,rtuxillo0@nasa.gov,Male,Research and Development,332,Alaska,S,Daily
866,Lynn,MacGilmartin,lmacgilmartino1@qq.com,Male,Legal,242,New Mexico,XS,Seldom
867,Pierre,Pauling,ppaulingo2@free.fr,Male,Training,343,Minnesota,XL,Daily
868,Iver,Coffee,icoffeeo3@google.co.jp,Male,Research and Development,96,New York,2XL,Daily
869,Duff,Dzeniskevich,ddzeniskevicho4@deliciousdays.com,Male,Research and Development,457,Nevada,L,Weekly
870,Onida,Dimelow,odimelowo5@ihg.com,Male,Training,350,Illinois,3XL,Seldom
871,Layne,Wilfling,lwilflingo6@netscape.com,Male,Research and Development,64,Arizona,M,Monthly
872,Germain,Roland,grolando7@examiner.com,Female,Human Resources,88,Texas,L,Never
873,Lynnette,Bellow,lbellowo8@vimeo.com,Male,Human Resources,220,California,3XL,Never
874,Cyril,Hillhouse,chillhouseo9@amazon.com,Female,Engineering,181,Tennessee,S,Once
875,Ray,Scurry,rscurryoa@aol.com,Female,Legal,228,Washington,XL,Seldom
876,Brynn,Bartoleyn,bbartoleynob@cnn.com,Female,Engineering,436,Michigan,M,Seldom
877,Bernice,Hinchshaw,bhinchshawoc@purevolume.com,Female,Engineering,480,Arkansas,3XL,Seldom
878,Sisely,Mathieu,smathieuod@ox.ac.uk,Female,Engineering,409,District of Columbia,L,Once
879,Fina,Zoanetti,fzoanettioe@opensource.org,Female,Services,317,Illinois,2XL,Often
880,Alfy,Ibbott,aibbottof@tiny.cc,Male,Research and Development,90,Florida,S,Monthly
881,Tressa,Mayler,tmaylerog@cloudflare.com,Female,Engineering,372,California,M,Once
882,Bernarr,Iiannoni,biiannonioh@oracle.com,Male,Support,302,California,XS,Seldom
883,Kacy,Cleall,kclealloi@oakley.com,Male,Training,460,New Jersey,XL,Daily
884,Carroll,Reith,creithoj@senate.gov,Male,Accounting,283,California,XL,Seldom
885,Jacques,Witts,jwittsok@sitemeter.com,Male,Product Management,395,Pennsylvania,3XL,Monthly
886,Meridel,MacEveley,mmaceveleyol@theatlantic.com,Male,Business Development,442,Texas,2XL,Seldom
887,Kristy,Linton,klintonom@miitbeian.gov.cn,Male,Accounting,439,Florida,XS,Yearly
888,Sigmund,Rudge,srudgeon@uol.com.br,Male,Engineering,6,North Carolina,L,Often
889,Merry,Lamers,mlamersoo@1688.com,Male,Marketing,324,California,3XL,Weekly
890,Nanine,Pargetter,npargetterop@zdnet.com,Male,Human Resources,347,California,L,Weekly
891,Samara,Ingerman,singermanoq@walmart.com,Female,Research and Development,46,Texas,XL,Once
892,Patience,Rosenfarb,prosenfarbor@columbia.edu,Male,Accounting,70,Indiana,3XL,Daily
893,Babita,Casotti,bcasottios@google.com.br,Female,Business Development,223,Alaska,XL,Monthly
894,Minnie,Bruyet,mbruyetot@wordpress.com,Male,Sales,472,Tennessee,XS,Weekly
895,Reeba,Del Dello,rdeldelloou@liveinternet.ru,Male,Sales,433,Texas,2XL,Monthly
896,Tanny,Saulter,tsaulterov@apache.org,Male,Product Management,286,Illinois,XL,Daily
897,Mable,Hendren,mhendrenow@ezinearticles.com,Female,Human Resources,355,California,L,Often
898,Rodney,Neasham,rneashamox@mit.edu,Female,Support,426,Michigan,XS,Never
899,Angele,Molineux,amolineuxoy@nyu.edu,Male,Accounting,446,Texas,S,Never
900,Sharl,Lafford,slaffordoz@tuttocitta.it,Female,Training,442,District of Columbia,XS,Seldom
901,Wright,Ancliffe,wancliffep0@timesonline.co.uk,Male,Marketing,356,Colorado,2XL,Weekly
902,Fernanda,Exeter,fexeterp1@youtube.com,Female,Training,334,Oklahoma,XS,Weekly
903,Avictor,O'Glessane,aoglessanep2@un.org,Male,Human Resources,248,California,XS,Never
904,Avrom,MacAllan,amacallanp3@mit.edu,Female,Accounting,13,North Carolina,XL,Once
905,Floris,Chessum,fchessump4@geocities.com,Female,Engineering,182,Florida,L,Never
906,Ozzy,Klaassens,oklaassensp5@google.fr,Male,Business Development,286,Minnesota,S,Weekly
907,De,Prandin,dprandinp6@surveymonkey.com,Female,Human Resources,405,Texas,S,Daily
908,Rozalie,Moy,rmoyp7@netlog.com,Female,Training,422,Florida,3XL,Weekly
909,Mirelle,Isselee,misseleep8@ovh.net,Male,Accounting,234,Texas,M,Daily
910,Hedwig,Ioselev,hioselevp9@newsvine.com,Male,Sales,482,California,XL,Often
911,Olivier,Finnigan,ofinniganpa@gnu.org,Female,Sales,48,New York,XS,Seldom
912,Dina,Hakey,dhakeypb@vk.com,Male,Research and Development,195,Kentucky,XS,Yearly
913,Leroy,Cuss,lcusspc@mail.ru,Female,Research and Development,214,Connecticut,L,Daily
914,Vonnie,McGrale,vmcgralepd@nytimes.com,Male,Human Resources,226,Georgia,L,Once
915,Cherey,Senton,csentonpe@pcworld.com,Male,Business Development,155,West Virginia,L,Yearly
916,Mattias,LLelweln,mllelwelnpf@omniture.com,Male,Business Development,159,Florida,M,Once
917,Fernandina,Rigge,friggepg@shareasale.com,Female,Sales,56,California,3XL,Once
918,Charleen,Rothera,crotheraph@cmu.edu,Female,Accounting,15,Texas,XL,Once
919,Winifield,Copello,wcopellopi@weibo.com,Female,Business Development,51,Kentucky,M,Monthly
920,Tish,Charker,tcharkerpj@xinhuanet.com,Male,Support,390,Tennessee,2XL,Yearly
921,Livvyy,Fitzsymonds,lfitzsymondspk@webnode.com,Female,Engineering,158,South Carolina,M,Seldom
922,Aline,Bugs,abugspl@china.com.cn,Female,Business Development,364,Iowa,M,Yearly
923,Daphene,Erridge,derridgepm@wp.com,Male,Services,274,California,M,Seldom
924,Blondell,Trahar,btraharpn@phpbb.com,Male,Business Development,206,Missouri,3XL,Monthly
925,Alexio,Mc Faul,amcfaulpo@ning.com,Female,Human Resources,380,Michigan,2XL,Often
926,Ignatius,Skittrell,iskittrellpp@dot.gov,Male,Legal,51,North Carolina,S,Yearly
927,Lowrance,Goggen,lgoggenpq@constantcontact.com,Female,Sales,187,Florida,XL,Weekly
928,Bertie,Kirkup,bkirkuppr@angelfire.com,Female,Engineering,375,Wisconsin,M,Daily
929,Kyrstin,Januszewski,kjanuszewskips@bandcamp.com,Female,Sales,275,Tennessee,3XL,Often
930,Candace,Macbeth,cmacbethpt@google.ru,Male,Sales,211,Virginia,XS,Once
931,Padraig,Trittam,ptrittampu@trellian.com,Male,Product Management,488,Illinois,S,Monthly
932,Georgina,Bithell,gbithellpv@wikia.com,Female,Legal,439,Florida,M,Often
933,Emyle,Brennon,ebrennonpw@skype.com,Male,Product Management,56,Alabama,S,Yearly
934,Consuela,Huckleby,chucklebypx@google.fr,Female,Services,199,Louisiana,2XL,Monthly
935,Fiorenze,Korting,fkortingpy@tamu.edu,Male,Training,175,Nevada,XL,Yearly
936,Julio,Vials,jvialspz@fastcompany.com,Male,Training,484,Texas,M,Often
937,Hill,Ingerith,hingerithq0@hhs.gov,Male,Services,426,Pennsylvania,XL,Weekly
938,Edlin,Dulake,edulakeq1@dion.ne.jp,Male,Accounting,382,Texas,S,Seldom
939,Ellene,Offin,eoffinq2@flavors.me,Male,Research and Development,190,Illinois,M,Once
940,Dot,Bank,dbankq3@rambler.ru,Female,Services,287,New York,S,Monthly
941,Corbin,Rawne,crawneq4@reuters.com,Male,Business Development,493,Louisiana,M,Once
942,Howey,Coathup,hcoathupq5@slashdot.org,Male,Sales,17,Alabama,S,Once
943,Chelsie,Illingworth,cillingworthq6@thetimes.co.uk,Male,Product Management,451,New Mexico,L,Daily
944,Ford,Evins,fevinsq7@parallels.com,Female,Marketing,486,Washington,XS,Daily
945,Valera,Fellgate,vfellgateq8@odnoklassniki.ru,Female,Human Resources,359,New York,XL,Often
946,Nico,Twinterman,ntwintermanq9@flickr.com,Male,Sales,484,Arkansas,XL,Never
947,Demetrius,Robbins,drobbinsqa@arizona.edu,Male,Support,414,District of Columbia,3XL,Often
948,Loralie,Codd,lcoddqb@hud.gov,Male,Business Development,169,Maryland,3XL,Daily
949,Rachel,Cluelow,rcluelowqc@hibu.com,Female,Business Development,462,Tennessee,2XL,Weekly
950,Bartholomeo,Heinsh,bheinshqd@ibm.com,Male,Human Resources,173,Ohio,2XL,Weekly
951,Lynett,Braven,lbravenqe@opensource.org,Male,Legal,387,California,S,Yearly
952,Kaleb,Jarrad,kjarradqf@weather.com,Female,Training,61,Wisconsin,XS,Daily
953,Martainn,Dunstall,mdunstallqg@oakley.com,Female,Business Development,234,New York,S,Seldom
954,Heddie,Coghill,hcoghillqh@examiner.com,Male,Services,216,North Carolina,2XL,Yearly
955,Cindra,Allanby,callanbyqi@google.com.br,Female,Business Development,108,Massachusetts,S,Monthly
956,Martie,Greste,mgresteqj@redcross.org,Male,Support,418,Florida,S,Daily
957,Sybil,Andrez,sandrezqk@usatoday.com,Female,Engineering,136,New York,L,Weekly
958,Hilly,Readwin,hreadwinql@unesco.org,Male,Business Development,350,Texas,L,Daily
959,Belle,Pawlick,bpawlickqm@wsj.com,Male,Human Resources,307,Maryland,XL,Monthly
960,Lutero,Tester,ltesterqn@techcrunch.com,Female,Support,440,Florida,3XL,Yearly
961,Noemi,Palmer,npalmerqo@cdc.gov,Female,Services,134,Texas,S,Daily
962,Portia,O'Loughane,poloughaneqp@umich.edu,Male,Support,319,North Carolina,L,Once
963,Wileen,Strangman,wstrangmanqq@4shared.com,Male,Legal,165,Missouri,XS,Never
964,Keefe,Taleworth,ktaleworthqr@usa.gov,Female,Marketing,92,North Carolina,XS,Once
965,Amalea,Knill,aknillqs@devhub.com,Male,Research and Development,497,New York,2XL,Yearly
966,Bridie,Agastina,bagastinaqt@dion.ne.jp,Male,Support,52,Washington,3XL,Yearly
967,Curtis,McKimmie,cmckimmiequ@youku.com,Male,Engineering,233,California,L,Daily
968,Barbey,Nugent,bnugentqv@ihg.com,Male,Support,409,New York,M,Never
969,Nathaniel,McGenn,nmcgennqw@nih.gov,Male,Human Resources,494,California,2XL,Yearly
970,Dana,Alster,dalsterqx@linkedin.com,Male,Sales,452,Ohio,2XL,Once
971,Sharron,Ilymanov,silymanovqy@yellowpages.com,Female,Accounting,34,Pennsylvania,3XL,Monthly
972,Wendy,MacColm,wmaccolmqz@eventbrite.com,Female,Engineering,207,Nevada,XL,Daily
973,Anallise,Hlavecek,ahlavecekr0@nationalgeographic.com,Male,Human Resources,85,Idaho,3XL,Once
974,Laurette,Farnish,lfarnishr1@webnode.com,Female,Training,299,Minnesota,XL,Never
975,Skye,Bordessa,sbordessar2@cornell.edu,Male,Training,437,Virginia,S,Often
976,Vicky,Stempe,vstemper3@irs.gov,Male,Product Management,83,Wisconsin,2XL,Weekly
977,Hyacintha,Gowler,hgowlerr4@booking.com,Male,Support,447,Texas,S,Never
978,Alfredo,MacFadzean,amacfadzeanr5@huffingtonpost.com,Male,Legal,42,Michigan,XL,Seldom
979,Bryana,Billitteri,bbillitterir6@shutterfly.com,Female,Legal,148,Texas,M,Daily
980,Nettie,Gilffillan,ngilffillanr7@senate.gov,Female,Engineering,154,Pennsylvania,2XL,Never
981,Jewel,Barnham,jbarnhamr8@opera.com,Female,Engineering,335,California,S,Daily
982,Basil,Domange,bdomanger9@rambler.ru,Male,Support,436,Michigan,L,Yearly
983,Witty,Quiddington,wquiddingtonra@newyorker.com,Male,Legal,200,Texas,2XL,Weekly
984,Maddy,Marl,mmarlrb@nih.gov,Male,Engineering,68,Tennessee,XS,Weekly
985,Anderea,Winterbotham,awinterbothamrc@cbc.ca,Female,Business Development,87,Louisiana,3XL,Yearly
986,Emogene,Surgey,esurgeyrd@redcross.org,Female,Support,244,Texas,XL,Seldom
987,Blondie,Ruppel,bruppelre@ed.gov,Female,Marketing,455,Indiana,XS,Never
988,Gibbie,Dexter,gdexterrf@linkedin.com,Female,Research and Development,152,Kansas,L,Weekly
989,Darn,Trunks,dtrunksrg@theguardian.com,Male,Human Resources,301,Utah,S,Never
990,Zak,Giannazzi,zgiannazzirh@msn.com,Female,Accounting,474,Texas,M,Often
991,Raimundo,Leyborne,rleyborneri@bluehost.com,Female,Training,145,Texas,L,Never
992,Tobey,Piatkow,tpiatkowrj@paginegialle.it,Female,Product Management,433,Indiana,XL,Daily
993,Letty,Lewer,llewerrk@sohu.com,Female,Accounting,76,Texas,S,Yearly
994,Gerhardt,Norres,gnorresrl@japanpost.jp,Female,Training,243,Texas,3XL,Daily
995,Aubert,Chiene,achienerm@cafepress.com,Female,Research and Development,30,New York,L,Never
996,Codie,Abdon,cabdonrn@google.co.jp,Male,Engineering,254,Virginia,XS,Monthly
997,Gaylene,Brannan,gbrannanro@marriott.com,Male,Accounting,68,New York,S,Monthly
998,Erinna,Ghilardini,eghilardinirp@ovh.net,Female,Sales,105,Florida,XS,Once
999,Inga,Dragon,idragonrq@bloomberg.com,Female,Research and Development,165,Virginia,XS,Daily
1000,Kellina,Eastcourt,keastcourtrr@mapy.cz,Female,Support,482,Massachusetts,3XL,Monthly
